/*
MySQL Data Transfer
Source Host: localhost
Source Database: hate_speech
Target Host: localhost
Target Database: hate_speech
Date: 09-Nov-18 5:28:03 PM
*/

create database Hate_Speech;

use Hate_Speech;


SET FOREIGN_KEY_CHECKS=0;
-- ----------------------------
-- Table structure for admin
-- ----------------------------
DROP TABLE IF EXISTS `admin`;
CREATE TABLE `admin` (
  `id` int(11) NOT NULL auto_increment,
  `username` text NOT NULL,
  `password` text NOT NULL,
  PRIMARY KEY  (`id`)
) ENGINE=InnoDB DEFAULT CHARSET=latin1;

-- ----------------------------
-- Table structure for comments
-- ----------------------------
DROP TABLE IF EXISTS `comments`;
CREATE TABLE `comments` (
  `id` int(11) NOT NULL auto_increment,
  `username` text,
  `tweet_name` text,
  `comment` text,
  `dt` text,
  PRIMARY KEY  (`id`)
) ENGINE=InnoDB DEFAULT CHARSET=latin1;

-- ----------------------------
-- Table structure for filter
-- ----------------------------
DROP TABLE IF EXISTS `filter`;
CREATE TABLE `filter` (
  `tctype` text,
  `filter` text
) ENGINE=InnoDB DEFAULT CHARSET=latin1;

-- ----------------------------
-- Table structure for friend_search
-- ----------------------------
DROP TABLE IF EXISTS `friend_search`;
CREATE TABLE `friend_search` (
  `id` int(11) NOT NULL auto_increment,
  `username` text,
  `keyword` text,
  `date` text,
  PRIMARY KEY  (`id`)
) ENGINE=InnoDB DEFAULT CHARSET=latin1;

-- ----------------------------
-- Table structure for req_res
-- ----------------------------
DROP TABLE IF EXISTS `req_res`;
CREATE TABLE `req_res` (
  `id` int(11) NOT NULL auto_increment,
  `requestfrom` text,
  `requestto` text,
  `status` text,
  `dt` text,
  PRIMARY KEY  (`id`)
) ENGINE=InnoDB DEFAULT CHARSET=latin1;

-- ----------------------------
-- Table structure for results
-- ----------------------------
DROP TABLE IF EXISTS `results`;
CREATE TABLE `results` (
  `ftype` text,
  `fcount` int(20) default NULL
) ENGINE=InnoDB DEFAULT CHARSET=latin1;

-- ----------------------------
-- Table structure for tweets
-- ----------------------------
DROP TABLE IF EXISTS `tweets`;
CREATE TABLE `tweets` (
  `id` int(11) NOT NULL auto_increment,
  `tname` text,
  `image` blob,
  `description` text,
  `date` text,
  `rank` int(11) default NULL,
  `user` text,
  PRIMARY KEY  (`id`)
) ENGINE=InnoDB DEFAULT CHARSET=latin1;

-- ----------------------------
-- Table structure for user
-- ----------------------------
DROP TABLE IF EXISTS `user`;
CREATE TABLE `user` (
  `id` int(11) NOT NULL auto_increment,
  `username` varchar(45) default NULL,
  `password` varchar(45) default NULL,
  `email` varchar(45) default NULL,
  `mobile` varchar(45) default NULL,
  `address` text,
  `dob` varchar(45) default NULL,
  `gender` varchar(45) default NULL,
  `status` varchar(45) default NULL,
  `profession` varchar(45) default NULL,
  `image` longblob,
  PRIMARY KEY  (`id`)
) ENGINE=InnoDB DEFAULT CHARSET=latin1;

-- ----------------------------
-- Records 
-- ----------------------------
INSERT INTO `admin` VALUES ('1', 'admin', 'admin');
INSERT INTO `comments` VALUES ('49', 'Mani', 'Modi_Government', 'It is bad government.', '09/11/2018 13:55:30');
INSERT INTO `comments` VALUES ('50', 'Mani', 'Modi_Government', 'I will die if he elects next time as PM.', '09/11/2018 15:33:09');
INSERT INTO `comments` VALUES ('51', 'Mani', 'Modi_Government', 'I Will Kill you if u post like this tweets.', '09/11/2018 15:47:33');
INSERT INTO `comments` VALUES ('52', 'Mani', 'Modi_Government', 'It is good government.', '09/11/2018 15:54:40');
INSERT INTO `comments` VALUES ('53', 'Mohan', 'Modi_Government', 'I want to live in Proper way in this government.', '09/11/2018 16:01:02');
INSERT INTO `comments` VALUES ('54', 'Mohan', 'Modi_Government', 'Who made this government.Damn It is not proper government.  ', '09/11/2018 16:03:46');
INSERT INTO `comments` VALUES ('55', 'Raju', 'IPL_Cricket', 'It is ridicules game for young people.', '09/11/2018 16:20:55');
INSERT INTO `comments` VALUES ('56', 'Raju', 'IPL_Cricket', 'It is good game for time pass.', '09/11/2018 16:36:28');
INSERT INTO `comments` VALUES ('57', 'Raju', 'MeToo_Hashtag', 'It is good for women safety.', '09/11/2018 17:13:51');
INSERT INTO `comments` VALUES ('58', 'Raju', 'MeToo_Hashtag', 'Hi dude don\'t post like this tweets.', '09/11/2018 17:14:50');
INSERT INTO `comments` VALUES ('59', 'Mani', 'MeToo_Hashtag', 'I will kill you if u post like this tweet', '09/11/2018 17:15:33');
INSERT INTO `comments` VALUES ('60', 'Mani', 'MeToo_Hashtag', 'It is bad for men in the social network', '09/11/2018 17:16:20');
INSERT INTO `comments` VALUES ('61', 'Mani', 'Modi_Government', 'I joy to live in Modi government.', '09/11/2018 17:17:12');
INSERT INTO `comments` VALUES ('62', 'Mani', 'MeToo_Hashtag', 'Many women will die if this hash tag is not there to express their feeling..', '09/11/2018 17:18:18');
INSERT INTO `comments` VALUES ('63', 'Manjunath', 'Modi_Government', 'It is bad government..', '09/11/2018 17:24:02');
INSERT INTO `filter` VALUES ('Offensive', 'Kill');
INSERT INTO `filter` VALUES ('Hateful', 'die');
INSERT INTO `filter` VALUES ('Clean', 'live');
INSERT INTO `filter` VALUES ('Positive', 'Good');
INSERT INTO `filter` VALUES ('Negative', 'Bad');
INSERT INTO `filter` VALUES ('Hateful', 'Hate');
INSERT INTO `filter` VALUES ('Offensive', 'damn');
INSERT INTO `filter` VALUES ('Negative', 'Ridicules');
INSERT INTO `filter` VALUES ('Offensive', 'Dude');
INSERT INTO `filter` VALUES ('Clean', 'Joy');
INSERT INTO `friend_search` VALUES ('1', 'Mani', 'Raju', '09/11/2018   13:01:14');
INSERT INTO `friend_search` VALUES ('2', 'Mohan', 'Mohan', '09/11/2018   15:59:38');
INSERT INTO `friend_search` VALUES ('3', 'Mohan', 'Raju', '09/11/2018   15:59:44');
INSERT INTO `friend_search` VALUES ('4', 'Manjunath', 'Mani', '09/11/2018   17:10:47');
INSERT INTO `friend_search` VALUES ('5', 'Manjunath', 'Raju', '09/11/2018   17:10:53');
INSERT INTO `friend_search` VALUES ('6', 'Manjunath', 'Mohan', '09/11/2018   17:11:00');
INSERT INTO `req_res` VALUES ('1', 'Mani', 'Raju', 'Accepted', '09/11/2018   13:02:11');
INSERT INTO `req_res` VALUES ('2', 'Mohan', 'Raju', 'Accepted', '09/11/2018   15:59:46');
INSERT INTO `req_res` VALUES ('3', 'Manjunath', 'Mani', 'Accepted', '09/11/2018   17:10:49');
INSERT INTO `req_res` VALUES ('4', 'Manjunath', 'Raju', 'Accepted', '09/11/2018   17:10:55');
INSERT INTO `req_res` VALUES ('5', 'Manjunath', 'Mohan', 'Accepted', '09/11/2018   17:11:02');
INSERT INTO `results` VALUES ('Clean', '3');
INSERT INTO `results` VALUES ('Offensive', '4');
INSERT INTO `results` VALUES ('Hateful', '2');
INSERT INTO `results` VALUES ('Positive', '3');
INSERT INTO `results` VALUES ('Negative', '4');
INSERT INTO `tweets` VALUES ('1', 'Modi_Government', 0xFFD8FFE000104A46494600010101006000600000FFDB00430008050607060508070607090808090C130C0C0B0B0C1811120E131C181D1D1B181B1A1F232C251F212A211A1B2634272A2E2F3132311E25363A36303A2C303130FFDB0043010809090C0A0C170C0C1730201B203030303030303030303030303030303030303030303030303030303030303030303030303030303030303030303030303030FFC00011080070009503012200021101031101FFC4001F0000010501010101010100000000000000000102030405060708090A0BFFC400B5100002010303020403050504040000017D01020300041105122131410613516107227114328191A1082342B1C11552D1F02433627282090A161718191A25262728292A3435363738393A434445464748494A535455565758595A636465666768696A737475767778797A838485868788898A92939495969798999AA2A3A4A5A6A7A8A9AAB2B3B4B5B6B7B8B9BAC2C3C4C5C6C7C8C9CAD2D3D4D5D6D7D8D9DAE1E2E3E4E5E6E7E8E9EAF1F2F3F4F5F6F7F8F9FAFFC4001F0100030101010101010101010000000000000102030405060708090A0BFFC400B51100020102040403040705040400010277000102031104052131061241510761711322328108144291A1B1C109233352F0156272D10A162434E125F11718191A262728292A35363738393A434445464748494A535455565758595A636465666768696A737475767778797A82838485868788898A92939495969798999AA2A3A4A5A6A7A8A9AAB2B3B4B5B6B7B8B9BAC2C3C4C5C6C7C8C9CAD2D3D4D5D6D7D8D9DAE2E3E4E5E6E7E8E9EAF2F3F4F5F6F7F8F9FAFFDA000C03010002110311003F00F4310A0A8AEAC21BA8F6480F5CE47506A7539A7D7D05D9C5633869538FB9A84C07BF34F1A75EA636EA0C7EA95A029F52E4C2C660B5D4BB5EA1FAA53845AA28C09A16F6C568D14B9D858CF1FDAA3A881BF314D6B6BDBBB884DC88D1226DFF0029C935A4299773ADB5B3CCE461077A9721DAE13491C31EF9582A8F5AA2758B4562016207F105AE4EFB5B92EEE99480FCE00CE147F8D3A3376CA4E47D318AF3EAE3634DD8EDA7849CD5CECA2BEB69B1B645E7A6EE2A7D83FBA2B8B8E4B9B70C64559118F4F4ADED06FC5C6620C4ED1C83D57FC455D0C5C6ABB2DC8AB8695257669DD467ECD279480BED3815E62B1D91D3E7FB44816F371DC8E392735EA84E3B74AE4B5BB1D0EFAEDDAF2D6612A705954F35DCAEF43959C535B44F6A62089E505F9483C96EF5A3A059FD8B58B096D27C97F95E2079C7AD6A43E1CF0FDC072AD751ED19239157FC2F63A269F7656CA479A56E4190E48FC69F2BDEC2B9D498C123A8A6B458FE235267273484D09B191ED3FDE3453F3453B80C14E1401CD380A180514BB6976D4DC06D2819A5DB4A168BA0100AC2F1A5CFD9B4D5F9B0589FD01ADE55E78AE17C6BAC69FAAD9816372B29B599E3957041523DBB8E0D63564945DCD29C5B7A18FA54124E0CC84F073C8AEB61895215FDDE73DEBCF2DFC4B7889E5C16970CA0E13CB8BA71D7A8C8AE8BC3FE22B8BAB19DAE911441192DB55815E3F8811C1EFC66BE6EA45F3367BB09AB591BF710A184B8DC3D2B105D4B63762542576FEA3B8AAB69E32179706136D122AF426451BFDC02413C7A52EA1731CD710B5BB070E40DBDF39E411511E68C934539292699E8F6F209A156073C75A7145249DAA49F6AA9A1214D390B67E624F3E9DAAE918AFA8A6DB826CF9F96EC67929CE5179EBC546B042AE1D6350C3D054F4568990333499A93029BB453B80CA29DC7A5145C0414E52075A62B6790C0D3867DAA7986876E19EB4BC526EF6A5EBD314AE3B071DE804502803345C10E18C8AF1CBC65B5D5E772ABFBCB9766079E41EFF9D7B10183C8E2BCEFC4FA6C69ADDDA2AAEC6CDC0C7AB019FD726B8B16AF1BF63AB0F2E564B69726484CB2BDB794109CBDB8DCBF8E7FA545A26A1A49B0BA3F6EB7DC0957C1E33E9590355D3F4EB1486F01B97906D1044BB891EA78A6C1178667532DE69F1C4AE3E6575231EF8E99AF0ED63D7E7BEC6D5EE8167A84117DA2D12407E7468CA824918E78EBC7AD527B0834C89639DC98D58B1566C95039C161D4F15A66EE18EC221A5BACD68C309839C11C609FF3D2A8D9DBC92C93CF3A19063624683A9EFF00E1446F7D053E5E5F53ADF0AEA37D7A6E127B48ADED20DA906D6258F5CE6B77355349B66B5B2446015DBE6755E8A4F6FC2AD1CFAD7D1D05254D73EE7895B95CDF2EC29A29858D196ADCC87D048A665A93268B8587EE5F5A29993EDF9514058E1BC39AEFD96590392525C11BCE76D75FA6EA515F7CAA5778E78EE2BC854BC1298C9EA3D6BD03C09A795B74D4A7998965DA17770A29F32689B33ADDBEB46D1591A878A348B153BAE96665386587E6C7D4F4CFB5721E2DF8857D6F608FA3585C40929C0BA9E1211BFDD27827F3AE7957A69DAFA9B2849ABD8EE757D52D347B36B9BC701546428232DF4AF30F10FC4BD42751FD94E2D8063948C06257B6588EBF415C36A3AA5FEAB399AFEEA5B86FF68E40FC2AAAE4572D4A8E6EC9D91AC62A3BAD4BBABF8BAEB510BF696B89A51F296927273F862ADF86FC4AE87C9B9930031C0E9C11FE22B1DA247CE000DEB597736EF1B67DF3906B0E548B7267B3E9D6565A8582BC53C6D83F73A8C11C8FC2B4D741819635420A1C90BE636D2067DF18FC2BC3B4DF106A3A64AAD04EDC763D3F2EF5D2AFC44D55615F9E1518DA1B6E481FE4572CE8BBE86D1AAEDA9E9AFA545A6C5B23088B2B65941271DB3F535ADE1DB686599AEE4198D58084E38DC3A91EBF5AF15BBF1BEA52AC804FE719000095C2AFE159E2EEFE68C07BEBA0474C4A71F956D87A6A12E696A6756729AB23E9EC679F5A4DB5F36E9FAA6A96520963D4EF1597A6D9987F5AECFC37F14750B3758B5A417D6E38F31405947E5C37E383EF5E9C6B45BB1CAE0D1EBB8F4A520552D2359D3F5AB5171A6DCA4C9FC4BD1E33E8CBD41FAD5DCE2BA15990211498C7A52939A29D80420FA0A2941A2803C44C256771773C88EAC236291965463D89ED5ACA6E6D6C241FDA6F7690A961024DB5303DB383EF59161A7FDBAFED2DE3DF145711FDA67C3120F3C019E9FF00D7AB9A9E990586A9691E931DC2B8C33A8C9550318393F43C7A57C956C554A927AE87B14E9422B635BE1BD9CFADEA373753AA3DB5BED61132009E67F08FFD98FE15E93AC416BAAE8B3D9DFDBFEE648F64B1B0FB9E8C3E9D411E9543C156B2DAE8D13CF1BA4D724DC4A18E4A96E8A7E8001F85744C0491907E6383F8574423C9139AA4B9A47CB17F6ED637F3DA49F7A19193EB838FE95160638EF5B9F132CFFB3BC63768A4EC9712283D8741FCAB9F49322BAE2EEAE41281C75A19448A55D4107D680722941E69DC122AC9A7C44E5474E769A896D163DB884063C706B43059801FC5C74CD7A27833C350D9C02E6FED61B9B89395491432C63D3078CD44EA282BB2E34DCDD91C6F83FC3326B9AB42258657B18DBF7EE9C00307E50DEBFAD58F18E849E1FBD4FB2BBCD65700B452375041C321C77181F98AF60B413B00046B1C6061523C2802B23558F49B18E3D26FEC5E6D3AE8B30129DFE5BE73C13CE793DFD7A5732C43BDFA1D1EC15ADD4F1769B349BD78AEDBC43F0E76A9BAF0FDCEF85C652DEE30AC3D83743F8E3EBDEB86F2258E568E6431BA1C32B020823D4575C67192BA39650717A9D1781B55974AF14E9F324852292558A5C1EA8C406C8EFC1CFD40AFA0254314AD1B75538AF98E4CC711753865048C750457D59716E2E6259531B9977673C574D1AFC92B4B6319C74337F3A09A7346CA70C08A5038AF49493D8E7D46514E2B453B8CF018EFAFA0FF004F596E04926524651F2AA76E71C64F4AED3C09796FAD5E5A697E65C4CC91B493B4BD4000719F4C903E958DABD9D8E9B7326917F705AD9CACB0306C654838391E8770FC2B6FE06C61E5D4A454759102EF761D4B7DD1CFB2E7F1AF9274392A384BA1EB3A89C3991EA89129409C800638E29C2DB0729210DF5A961C1503233526D2B5D0721E23F1FB447B7B8B0D5D72C92136F2103386C02BF4CFCD5E50B2639AFA63E2AD8AEA3E02D5A3C65E18BED0B8EA0A7CDC7E58FC6BC8FC19F0A754D7274B8D643E9961C31071E7483D029FBBF56FC01ADA0D25A899C6C12E78CF5AD8D0343D4F5FBCFB2E956CF7120E5C818541EACC781F4EFDB9E2BDCC7803C256F682D23D0ED4A80019181321C77DF9DD9FC6BA3D2B4EB1D2EC92D74CB68ADADD064246300FB9F53EE79A1CD741DEC78B7873C3B1E99E24BCD335640F796C03C641FDDB81C1201E48EFF4C5775179699195047071599F1691F4DBFB5D6EDA3CC917EF1B031B94615D73FEEE0FE7551FC4166D6715C6E06390070C0ED041E6B8AA5E4EECEEA56B687432EA2506C8977B7A76FC6B99F1BEA17FFD9B6C1E08A5824B950D1F3BCF5231F955797C5D696E3746507FB25739FCAB1B5DF14DB6BB776B1C6D25ACF6ADBCB1503A8E38FF001A8517BD8D6E91DC9BDB76B58228E23E52283F30FBBEB91D6B235CF0ED9EB18701526DA76C80609F4CFAD5DBBB9B5223912EE29249141057EEE3F0A8E1BB6C91083B7D54F1FF00D6A88B7077468D464ACCF2ED6F4DB9D26E1A3BC4C1523E607839FF00EB57D2BE169CDF78674BB993A3DA42CDCF2C7CB19AF14F8A176834CB6882A9943971900E001823F1C8FCABD87C07A95ADEF87ECADE0DA8F6D6F14663CF2005001FA577A9F3C533CCAB0E59348B9A8B92E07965557A37AD54DE3FBC2B6A6816452AC320D665D59B41C8395CF1C735E9E12AC6DC92DCE49C7AA21DE3FBC28A6EC3DB1F8D15E8D9191E7FF1874B8BFB2ED3518D42F9127952B28E763739FC081F99AD8F8516730D0A4BD95543DF4E6505738DA02A8073E8437E75ADE23B05D5742BBB16217CF4DA188CE0E47357EC6D74E5B58ADADF2B0DBAAA2847640A0700704735E36360954E6EAD1D34A4F9394D354119058804FA52FDB36CDE481938CE6B3A39D03705B009C024B1C7D4D30DDC315D8DF21DDB7EE852CDCFB004D711762D6A0DBE365201F33839A75B07D980326B9FBDF12C115CB44447111FC53939FF0080C63E63F8EDAA4DAEEA574DFF0012F8E527A79D38F2107D114E4FFC089FA509858ECDE3CA97918460724B1C0159D75E21D3AC2131ADC2DD48B9F961F9B9F4E2B12CF4ABBBA264D5AFDEE118F31050B18FE9FA66B0FE24EBFA7784EC617B15592F5FE48E2623007A9EFB7BE063A8CE33CD5AE494FE23F88DAF74878F5331D8C4CAED6CB9CBBB6D20038CFE58F43DB35E26D7B72628E333BF96830AB9E82A5BFBABDD62F24BBBE90C923927A70BCE70A3B0F6A5B791EDFE565DC9E9ED5B469A8EE573320776751995CE4F2A4938FC6991BB46DB91B6B75C835AD18859BE545008CE3143DAC2E794008ABB216BB915BEB53A4A5D87FDF03663F0E95D068DE34F2326F227703EEED50589FA743580F676EAA7E524FD6A984F2D811F741CF1DAB374A12E868AACE3B33AB8EE97C5FABA4F751C96D040D86E0146419383D086F5C67BF4EFEA9E12BDF2BC49608A47EFDDD091C646C638C7A700FE15E4FE1B925819EED64812DF7853E6377E7A0196FD31CF5AF54F05C560750B7BE1A82B5C4419A2888DA06415271D5B8279C0EBDEB96717CC92D91BA94791B6F567A89999073823E94C7C5C23206C83CFD2B3A6BABD8ED8985629DDBEEA48DB01FC541238F6A892E6F8B092E0410363EEC6CCFC7D4F5FCAB652B3BA39096682485CA80187A8A2AB18D8925A79B27D4EEFE7CD15D8B1B24B5467ECAE7FFFD9, 'Modi government has finished almost 5 years to serve people.', '09/11/2018   13:19:04', '18', 'Raju');
INSERT INTO `tweets` VALUES ('2', 'IPL_Cricket', 0xFFD8FFE000104A46494600010101006000600000FFDB004300090606080605090807080A09090A0D160E0D0C0C0D1A131410161F1C21201F1C1E1E2327322A23252F251E1E2B3B2C2F3335383838212A3D413C364132373835FFDB004301090A0A0D0B0D190E0E1935241E243535353535353535353535353535353535353535353535353535353535353535353535353535353535353535353535353535FFC0001108004E009C03012200021101031101FFC4001F0000010501010101010100000000000000000102030405060708090A0BFFC400B5100002010303020403050504040000017D01020300041105122131410613516107227114328191A1082342B1C11552D1F02433627282090A161718191A25262728292A3435363738393A434445464748494A535455565758595A636465666768696A737475767778797A838485868788898A92939495969798999AA2A3A4A5A6A7A8A9AAB2B3B4B5B6B7B8B9BAC2C3C4C5C6C7C8C9CAD2D3D4D5D6D7D8D9DAE1E2E3E4E5E6E7E8E9EAF1F2F3F4F5F6F7F8F9FAFFC4001F0100030101010101010101010000000000000102030405060708090A0BFFC400B51100020102040403040705040400010277000102031104052131061241510761711322328108144291A1B1C109233352F0156272D10A162434E125F11718191A262728292A35363738393A434445464748494A535455565758595A636465666768696A737475767778797A82838485868788898A92939495969798999AA2A3A4A5A6A7A8A9AAB2B3B4B5B6B7B8B9BAC2C3C4C5C6C7C8C9CAD2D3D4D5D6D7D8D9DAE2E3E4E5E6E7E8E9EAF2F3F4F5F6F7F8F9FAFFDA000C03010002110311003F00E36FF5068DD63851E596460A888092C4F41815103AB595D6DD42C2E2D867ABC640CFD715B7E0E8EDD75FFB5CB2A096D595D037704E091F4CFF009E2B47C757F3CF6B22CD7960FB675448A38C87D8137139CF5CED1F8D76D6C5D4F6FCA71E1F034E586E77B98B6E5AE5E2893EFC8CA8BF52703F9D7A09D134CB3F0EAB69B6D6F752BAA3A4D3247297CE32D96E318E70303BFD7CC6360D10E338C10338E455E9AD34FBAB6B737D0DCDD4B1B39DC66600464968C60E7A291FCAB9B388D5A9ECF926D2FCFF002232CA74FDEBAD4DFD76C46997711851638E688B6D53908D9008CFE471EF8E950C12AADBA31F9886C633DAB0A0B4B3D3A5616692A2B280C921CF3CFE4781F9D5CB6669E26441F2B1C7E39FFEB57B197CA7F558A9BBCBB9E463E8C1621A5A2B9AF6B78259E78DA448D7840CF839CFF10C823031D323A8F4AB9A6DC9B889A1971F22E54FFF00AEB80FB2D9AE05CB5E4D7BBB12A35D20503A6771C67AFF008D747E1BB38D7539EEAC2DA482C1E2DB1032F99BBA8DC79EA71DABC9C2CEABADABBF73DCCEA3827816A14D45AB72BD3A7CBA9AA6E96C652F93EE2B0B5CD53584892E23B0296721F9252A4F998EE30460568DE47F69BC8E069445E6BAA07DA5B692719C0E4FD2BAFF0011DE6A3A4E86E60B4B59ECADADC312D210CC490B8C63DF39FF001ADF33C54A8CA2A1BB3CBC972FA5884EA5557B1C2E8FAFFF0069D8C886368678C8DD1B1E9E87E9D6ACDDCFE52EF27823939FD2B16C9CC9A8493BA08DE55E80EE1C31FA7A8AEBECBC330DF59C2D3CB2C8255570170AB8C03CF73F98FC2BA29E3E14682A957A9955CB1BC54A9D2D96A604163F69BB8607DC1AE245545460982C7032483EB5BF63E08BEB0F15D9C170F1FD9E78D999CFCC0007A73B7273B4F418FE7CDDB59EA7AA179E2D46CEDEE148628C9B4AE3AF3920723231D883D6B41C789B41BEB7B89E7B6BE8159BCBFDE92738C0EA70BBB245615F1B4AAAE58BE87AF4704E95A56D51ADE3BD0A1B1B58AF60985CBB6C8D99570147CEC38C9EA7BE7B7E7CEE97A55DEAA48B74C8CED2ED90B9F4E39ADFBDD566F145BDDD8ACAB0469B5122520A2B2818C103EE9653D3EB58DA5EA5AD8B04B7B34D3E3B782468F32B12D292492C7D076C1E6B9E38A950A4E10F893EBD8D3EA70C4D753ABF0B5D3B8DD434EBDD2E411DDA958CBED0CAC48271CF1FE239F7AA890DF5FB490699079CF1A79843384014606727DC8E0559D6B5ED5E3D3974FD6348588DCE248A78986D50AD9391D8E01EFCE6AB68F790095D50DC3DDBB208D6DE629B86790D81D33CE2BA218CAB2C3B93D25E472D4CBE8C315184758BEE4135AEA9A74D6E354B4F205C1658DD5C3A92073C8E9D7B8A57F95D875E7B569EAD7169258C91CCD771DC4370D2471CF29930CDD1471C2E0B7A74AC269C1627239F7AE9C1D7954A5EFEF739B1F87852AB682D2C5FD174B569AED2EAE638A59A164051F250E548CF4CF20F03D073CD617882EE536D05BB46F1CA0E5D8CA487392320741C003A76AED6D6E7C372E9BFBDB21F682B9CC6AD91919C8DD2923A8FC8F5CD529F4AD27EDE163173258B9CAACDB77671DCA807AE7A64FD6BC195494A5CD27767DFFF0067D271E5A51714975D6FF89CA594EF2A9553F30032706B5B5689AC741B4905D46D74E197640C0BE3712BBB1D303031C1E4F6AB36B6DA3596AAA2F6536703C449E18B12081D30CC38C9E98E3AD1ADDDE8506997ED69299E46915205914190A8C1C83804725BB72302BB2751568A52BE8CF0E585A7869B51EA55D36CEE3CB962BB334D799CA98D77007F88301C9CF5CFB74E6AE076B3061DA249875C9F914F7C91C9FD06477A93C0D7175A8EA4278543CCAEA4425B19E3927BE3E5233EF5937DAEDD69DAC9BA824569EE646CB48158649EA7231D4FA0C6294F13523FBBA6EC8D70D81C2CDCB115A37B74F32EC1A02DEDD35D6A2927D976821923C90F9040278F9700F53D71DAB492EAEE0B69E741124024C0891B9518E31C0CE3BE3A123D6B5AEB44F155EDB14BF9ED22D846622E71D0904844233C1FF26B43C1BE1E5B349AFBC466396139F22D950B87C70CC41519EB8C77C1F4AE56E749F3459A55FA9D68B73A774DEDD3FCCE66DB42D7BC4703DEE9D6B246B1B29498BED07FDA43D4E3AFCB93E9CD6BFC42D5623A33D9CD76E84ED091800AC9FC41B3839E83BD7A1DC6A3E4EA4ED36E8AD2DED99A4D80B7561B4E00CF453DB8E6B97F10F84F49F165B5C269D753C17B01123894385977723706FA1E477073922BCFAF8FAB89929D45EEC7AAFD4E5C352A385BA82B27F81E4F65336FF99B0DDC57A87874BDC7862CDCF05032F3E81881FA62B2E6F86B6715A5B18E798CB0FF00AE6E0997B9C0C75CF03DBD71577C3DA9D9DAB5E59A4AAAB14FB72E739F9172471D33923DABBAAE2A962F0AA34BEC9C54A94A35E5524EF730B5BBCBEB4D7A5FB24722A799B596004AE037CA5B1C824375E412002075AC94D4F56B3B8B6B8874CFB75BCEA7ECEA81CF9523670738C82770E0F5E7A5755AADBCF36B135FE9E6E951E3C99ADC1DAA36ED6E3A76279EF8E86A286FE4F0BE9F05CDC2BBDA13FBB43B43E3382BC633CE304FA7E35D2B0BCB4D548EBA2D0DBDAA72E5968723A66A51C1A92793796D13AE43ACDE60C8EE3843FA7F8D6C787AE2D624BBBA5C8B76BE2ADC1620E339E39C124E383FAD72BE1EB29BC4BE25BBBC94882225E7773D14B13803F13815D7DCD847A5DEEEB1380F93B72186DE719E48247E3D320E0F3C989AFCD36E47A99760A9CA9A8C5FBDAE9E5FA195E2A9648B54B6B97844714B6C638C31DC0F50DCFF007B241FCBD38CB8B47B4B35B7B98A78AE0BA9324484A3C5EE5882339FC3835B7796D2CD343A84AE67922CC78740C8BB8631B31B06739C01CF7A92F3C5365A9126F6CD6FEE5B7033193CB68D82ED1B485E4007233DC73CE4B74E12AC6AA54AC2C6E0A7845ED5B4EFA6FB19B68268ED1C5A5D41033B03209A332BB9E4647CBB7B8C0ED8CE4552B8D5628EE1C4BF6891C9C93BC81E9803B0E3A56A5D78BB4786E94A78695533F3A7DB5FDFA1C75E460FB77CD737397BDB892711EDF318B6D446C2E79C0EB5EAC29C23B2B1E4BAB276BEA767A1DFDDE8F05B284696385186D04C98DC558FCB9C632BD88CE4F5C57457BE2EB5BF68D0DB234632009A11232FBFD4617B1EA7E8795F345BBB2BEF43C8072467EA7FC7F3ACE61246EF70F24A857AEE7C293DBEA7F0AF9E8CE4B43F41C4E0685D37A7A3258EDA23ADEB17CF1ADC431126247010B29248C0C71800740300F18A65C476575772DC1D296349140548E4F946377CC38E010C84FAE3A8DD80DB7D2B4EB4D096FF0052678EECB349136482E3214601E1877247A8AE8EDAD2396E7CBB58A59C28194886141C64024F1C67239EE3A753D54EAA8A699F2188B4EA3B7E672DA45BC63C471D9CCADF679E2C3823AFCE4838F5E299E3ED3D6D7544544558950AFCA49DE7AEEF6C82381C0E6BAD93C3B334AB3BC31C3244098C86C85E87938E4F04761F31EB595E27D2EEFC45A68BC8102BE9D1B09D5B23777E0E3190031E719C7AE0542929D4BC4C9DD53713064F1B6BD7A856EB57BC618C00B2151D31FC38ED9FCCD7AA7833C4D736DE03D31CCF14AD895A692E4B3BB1F35F0339E3803AD786AA36D2705867F86BD9BE175F5BC7F0F6473691492D9CB22B1640CDCE180FA61BF9D462A56A77B5C9A11FDE252573B57B985353BAB49DFCA49212AD2EEC6D50A4839EDC1EBEA2B9B6D7342D3EF03C1AB5EDEB088AB2C368CF16091F37C89D7E5C75C706B96B1F11EA1E2BF880B1998C5143093222A81BC6400A7F31CFD6BB0B3F01AC2F730A6A7A8C4208635D913461776D27FB9C8DC738CF249CD78D4553C3C654B1136B9ACECBFE185563AD90D97C47A4DE05857548AD276C15327EEDB9F40D8CD727771FD83C6133DBB6D1764852B9EA0B21200E78DEB8C73D2A6D6BE1FC53EC9D6FE59645040F3E34DBD0607C8178C0AAB0C81CACD1406EE7B44C98D1C8D80E18938048FB9FA5746125469D78FB093717A3B89D2BD16D3D4D3B99EF20BB7B39F535804B289B0B962EC4A9DCA40C9C124F5EDC64D6378C4BD9E8EB61F6FF003E382412084A6026723767A1E4F3CF5AEA351D712DFC316B74FA640A2FA4423CF732B32273C2B107BFAFF111E84D3B65B2F14BDDDD5DDA453248A9198F95DDB496C03D57F87F215F4AEB7253E76B4FD4E58D2E74E37D43C37E18B7D334381DD96692F638EE1D9323602329B7D0807AF0739AB971A7DE4491082532C4849098E0E71D7823B12720939EBEBBF69169BA85AC7FD9C52D9C280B6F29DAAA00C00A7A0FA544F04D60E44E7622F5DC7017FF00AD5F2B565539DC9ECCF7E8468CE0A2B75F26713E33BE4D3F419E76822333BAC71BC116C5CE1B39C1C7F74F41D31D793C7E816C93786AFE45B1F3AE62D920BAF376F92BDFE5CE0E76B76FC6BB2F89D7D6C34EB6B46F9A79E5F31008C9F9541E7774EB8F5EB547C33F0ECDD696679F529628E74C948785231920E7AE32474EC7AD7A5837ECE92ABB6A70E2E4EA54F649B69238C76FB4DD4691AF99231C285192C7AE31EB5DA452DC787E3FB0C170C86327CD31B95CC99F9B3CF247DDC8E08506A9E9F6DA66833C6F672FF685FBB2AFDA0A6D8E0C919F2D4F25BA8DC718EC01E6AFFD81AE006474F9460927193D49FD6BAF1D8CF6B68523D3CAF2EF657AD885E8996C7877566B9FB3DD5B081901059A746CF238C293CFF2F5AB8FE1BD07C3972D2EA9336A534F037976C6CF6C70E782D82C4715DFEA1A4CDF6D37368F12F9ADF3ABE7F318AA727826D3509E49B549649E564319D8E51557A60639E79AE75069F91C789CCABE263CB2765E4793F8F66D36FB4FD364B4596D63585E38C08F2AF80A5541040C723B71EF8AC9D177EAD7B169D7FAC7F67D8C8374DE64C523E392003F2E49F5F73C9E0F5BF15FC2F65A0E8B64B606501EECE51E42C092BD71DBA76AF38B4592EB51B78BC87BA2D228F2578320CFDDCF6CFAD75C62A30BB3CCE67B1EBBE1EF0BF86BEDCF75A33CF3C2AA60927918ED6DA3E66048C3039E48F978E31DF44DE586936B6536952C4F15B4EF0DDC625CE0310246639C9218A1C71D79238C723A9FC46D434C966B23046973B00C4380B13F6CF073F4CE3E9D6B838D2F5E731D93DCBC9364B247B98B75E481C9EF5951E66BDA3EA4B494ACDEE76BF11BC4FA56B92DBDA1B1F275BB563E7DD2B2F972C7B0950181C9CE54E08F97903A9CCBF0935B8A1BABAD227185BBFDE42E7A16030C09FA018FA1AF316792299D665779839043E776791CE79AF40F85177E6EBF6BA5346489E46918EFC00046C48C7E151884BD949BEC6D1A8E0E2D1A175A7CBE17F88B6774136DBDD136ECD8EE4FCBFAEDFCABD263D6C3E9DA84C8C16732AB81ED95146B1A0B4F6A2DE488DC067510BE32CA73C67E9D73ED59E34297CA789268918908E5DCED56CF1C91D0FAE3D7D2BC0AF46AE2A9C6AD357B69E7E4754E54F9AF7DCCFB9BE59EDDE18F193D327A0EBFE7EA2BCC3479351B5632DAC9008AF1840C180639DBCFCA7B7CDFAFAF4EFF005CD26F7C3B7D1473C4AEB3B158CC60B0607AF3D78FA573361A3DD691A85C3EA16E2110C6D3C11390C0972557A1F6C60F3F4AEBCB20E94E507BB271108C69A69E8CD0F14594F67E1FF0E24923899ADE48DE362596329B7774C8072DFA75A8BC2DAC4565702CA46024917CE51DD864FEBC67E84545FDB57BFD9D05B6A1399ADE1958C6255070DD7EF75EE7AFE9DF8CF105C3DAF8B279AD8889D59194AFF09DAB5F4F89A128E19424F53CDA5557B5BA3A6D6FC61A87877C4F77653059AD5DFCC85F6E1951B07E5EC719239EE3AF6ADED07C72B76BC4B15FC6A4B95994F991A8033B79CA761DD7DCF4A8B5AF060F18FC3CD375ED14BDE6A3B0092150002B921D403C92AC0E39E46703A5799C515E687AD1003DB5EDA4BB5909E5594FDD3EA322BC9742325B599DB4EB724B6BA3DA351F07D9EB9AF5B6BBA9EA92416E11160B236A15E323BE41F99776E6071CE7033819C9F17788DED6597C376913DAF90A12695382460602839201047F9C1A86C3C73776561F6C9C8BAB8BC8F7491CE3E45E4820018C671D39CA91553C51AC691E2BD28EA525C8D2F56B34DC5240D224EA06362B8E464E386CF23B726BBB0F45C545D58FBA8CEB4E2A4D537B9CE793E5B87F388279249624FEB5A713DA3A03711995C700955381D87393542C745D5AFED2DAE96CDDA3B9DC6260C0860A403FCC543A8EA3268F3ADBCB63148C5771328208E48C6074E95E94E346D749192AD59E8E4FEF3E891731EE1F300CFC03D6892EEC74F60B7736180CAAB67A004938EBD01AF13F157C43BEB1D7AD16CC6DFB33ACCEAD821C03F77E870727AD7BCC290496EB3C512A19541CED00E3FC9AF192EAC7E8799FC4F64F1159DB7F6739952D83DC39553F742119E9CF2CA0E3A739C60D709E0BB8874C1AB6B5711877B28156253FDE7381EE338033E84D7B0DD2467C592BB0002DB6C601473B9C639FF801CFD6BC53C57047A26ADAC6956991049710CBC0DB8015CEDC0ED99063FDD15136AADE8F4D3F3D4B4B957318AF23CF70D35C39925998BBB1EA493927F3A8AE66F994F4C0EA3EB52F92C75182DC11B9CC6A09E9F3631FCEAFDEDF48FB43C5684C7D185AC6A4E3A67006780073E95D7566A11504187C2CEBB94D3D8C3B78CCF393D71C0CFBD7A37C2DB08AD7C7BA7499CB159064FF00D7227FAD70F6C47DBD4900167DC76A803F215DA783A0BABAF1458436B706DE472E04C3AAFC87247BE38FC6B9313AC1413B5D1E9E0F0E9D1AD39AD569F81EF7E632382801E70735CF7892D86C3A9452185517052441B65CF3F30C8239C0E707233D86762EAE23B0B2776567587208CE490149EA7AF03BD72B792C1ACB34B3DAC61600BE59DA0BB6E661C9C7CA0153C0CFD6BC2A38AAB8083725789E6CA1199956B7979AB1B67BA92648ADCEE8925707073C1C8C6474C679E99E86A878CAE6DE35B5DCE1C729308DC161B5E33B73CE0E18F5F5AE9F45B48AE20BF9DD415891A35523DB93585E28D2AD24D1DA244313DC4B0C21C0CECE70B81DBF0ACF01885571D1AB52F76F4156E6B58C0BD6B6BCD29D6D2C04296E45C4B2BDC64E1149270703BF6CF4F7AF2FBB93EDB7B2DCC83FD6BB3ED273D4FAD7A4EA30451683A940CBBD12DA56553D1480707DFEE83CD797EFE3815F715A5CD65D0E149A3D93E09CF35BE8D7665B88BEC42E01452DFEA980F9F39E8082B8E7B1FC79DD7FC7FA85B78B3503653472D9F98CA89344AF804E5BF1DD9FC063B57096B7B3C0AF1C33CB1A483E6547201C7AE3AD588A48E3883BC5E6641382F81EDD07BFAD79F28DA4CE852BA3796E4DF2962A88739D91F0A3D00F6C62B235B983BFD994818E5CFBFD6ADDAEA022D32695509118C2827FCF7AE7DA569242EE49663927D6BD29D55ECA29193DCD9D0B52BC80C0B15D4F1EC385DAE40507AE3D33DFE9516B37266D5EE097C90DB4E78E4000FEB9A8F4C22DA5491816D9D467A8AA372ECD752B3B1762E496231939EB5355DA0AC0CFFFD9, 'IPL Cricket is always time pass game.', '09/11/2018   16:19:41', '2', 'Mohan');
INSERT INTO `tweets` VALUES ('3', 'MeToo_Hashtag', 0xFFD8FFE000104A46494600010101006000600000FFDB0043000201010201010202020202020202030503030303030604040305070607070706070708090B0908080A0807070A0D0A0A0B0C0C0C0C07090E0F0D0C0E0B0C0C0CFFDB004301020202030303060303060C0807080C0C0C0C0C0C0C0C0C0C0C0C0C0C0C0C0C0C0C0C0C0C0C0C0C0C0C0C0C0C0C0C0C0C0C0C0C0C0C0C0C0C0C0C0C0C0C0C0C0CFFC0001108006A007803012200021101031101FFC4001F0000010501010101010100000000000000000102030405060708090A0BFFC400B5100002010303020403050504040000017D01020300041105122131410613516107227114328191A1082342B1C11552D1F02433627282090A161718191A25262728292A3435363738393A434445464748494A535455565758595A636465666768696A737475767778797A838485868788898A92939495969798999AA2A3A4A5A6A7A8A9AAB2B3B4B5B6B7B8B9BAC2C3C4C5C6C7C8C9CAD2D3D4D5D6D7D8D9DAE1E2E3E4E5E6E7E8E9EAF1F2F3F4F5F6F7F8F9FAFFC4001F0100030101010101010101010000000000000102030405060708090A0BFFC400B51100020102040403040705040400010277000102031104052131061241510761711322328108144291A1B1C109233352F0156272D10A162434E125F11718191A262728292A35363738393A434445464748494A535455565758595A636465666768696A737475767778797A82838485868788898A92939495969798999AA2A3A4A5A6A7A8A9AAB2B3B4B5B6B7B8B9BAC2C3C4C5C6C7C8C9CAD2D3D4D5D6D7D8D9DAE2E3E4E5E6E7E8E9EAF2F3F4F5F6F7F8F9FAFFDA000C03010002110311003F00FC89810B1181D2ADC5084E4F151C6A01E2AC42BE71C71924507968B1169370F6E26304BE53747DBC1FC69B12C4C76AC91B30EA158122BFAA0FF82397C08F0FE93FF04BCF8316BA9685A55ECB79E1C8EFA4FB4DA47296F3DDA6192CA73C38FC2BDDF57FD907E14788037DBBE1A780AEF775F3740B47CFE71D074FB0BECCFE3B96D3A1E00EDCF5A7FD9D8B6154E3D48E2BFAD9D6FF00E0963FB35F88E632DEFC05F8433CA7FE5AFF00C22762B27FDF42307F5AE5B5CFF82287ECADE205226F825E0D801FF9F38A5B4C7FDFA75A06B0FDD9FCA7A5BB6F1B8607A938A9026D202F24FA735FD3AEB5FF0006EF7EC99AC3129F0DA7B2CF6B7D76FC0FFC7A66AE2B5CFF0083613F65FD56567B7B4F1CE9A4F4106BECCABF40EAD419FB099FCDF4D0045C9E771ED559ADF6B6704E7D2BFA14F137FC1A8DF01F51776B2F1A7C51D310E4844BDB39501F5F9EDC93F9D715AEFF00C1A3DF0FA753FD97F187C6D684F4FB56976B7007FDF263CD01EC267E0F9887A1FCA99E40C7435FB55AF7FC1A19728CCDA77C7789C6785BAF091523EACB767F95725E23FF008347FE20DB60697F177C1B7393C1BBD32E60CFE0A5E848974A48FC8131ED3800D4650E6BF41BF6DEFF00837B7E27FEC33FB3F6BBF123C41E2FF04EB1A3681E489A1B0372277F36558976878C03F338EA457E7ECABB1739C9A763392E5766529A0F31B27B5152C830A4FAD1472B12644B3AC679239A24D496D2179490046A589FA56635CEEEE38ABFE09D27FE132F1EE85A260CA359D46DEC368EADE6CAB1E3FF001EAAE5452DCFEC7FF633F06A7C2EFD91FE167875B0ADA278474AD3DB23F8A3B4890FE248FD6BD396E108E194E7D0E6BE0BFDBB3FE0B21F0C3F676FD9F7C5BE1EF02F8EB44D43E2E68F6DFD8DA6E8F0DB4D73259DF644399502631172D8270DB71CE6B9CF0E7FC16834ED53F6A5F87FE0DD06FB55F14783EDBC38D278C7545F085FADEBDF9291C32C71EC468A32C1DD98A15C37622AE385AB24DA47A09A48FD16FB547B41DEB82320E7B7AD289D0FF10E38AFC8CFDAA3E28FC46F1A7FC1597C43F127E0EC7ADEBFE1BFD9FB42B08BC5FA1D9EAB73041E2266323CB1792AC23795229B7042BC9B60482462B43F6ACFDB6FF681FDB6E1F04F85BE1E683AC7C13F047C53D762D12C2FB517FB378A75AB46E6EEE5220775A5BC71672FC392576B1C9C68B0936D2BF41A95F63F58CDCA038DC326837080025860F4F7AFCFEF85727C5FFDA93F684F1E695F0B7E30CDF0FF00E137C258ECFC1FA713E1DB7D69B5CBD862FF004994CB3387DD1B045DD920EEE87AD6E3FECD3FB58EA160DA7CDF1F5B4776D7EE2EA4D725F0FD84FE4E97041B2DE15B450066E257791D9A4CA08220392C0E4E935A3766173EE60EAC3A83486540704AE4D7E587EC4BF167F69EFDB4BE287C46B4D27E3E59D97827C0B28B5B4D6CF822D2E65D5E42EC171109005CA233E03923720EFC7587FE0A9BE3AFD99342F0F7C3CD62C2E3E33FC76F145D79A34A8960D1E2D1A399B6DBDB5C18C4816E368123A6331873B986016DA582A8A4E2B56839BB9FA479C9E31404CF04715E5BF0ABE34EB1149ACE8DE3EB7D0F48D7FC37A65BEAD7F3E9F72CDA79B7944B970D200CBE5B43203BB82143679207867C25FF0082D2781FF68CF8C3A8F863E18F81BE257C43D3743931AAF88349D3224D3ACA3F9BF7A0CD2A3C8A761215577B8FB8AFD2B9B9242E64F4393FF839235A3A2FFC127BC6A146D37BA96956DF835EC5FE15FCCD5C26D6C7A66BFA33FF0083973C7163E27FF824D26A1A6DD4771A76BFE22D1E5B59E3395B889B7CE8C3D8AA035FCE6CC32E33D6AE10BEE70E21FBF62A4833B8514B32ED734569C88C5338C9B51F2F807E63D0679AF4EFF8278E8FFF000B1FFE0A03F06342C091752F1AE95091D4366EE338E33D40AE1BE0D7C306F8DBF15346F0C8D42DF4A8F539D6396F275DC96A84F2E464671E991F5AFD56FF008278FF00C12EFE1CFC06F8EDE16F1CC1ADEB5E22F137843538EFB4F9E2659ED85C21255F644854E0F3B7279EF5E0E639F61B05EED56F9BB1F5194F0E62B1B1E7A515CB7B6ACFB63E232FC72FDA33F6FF00B4B7F12685F093C176BF00B4BFF84CB51B8DD7D7FA5DC5C5CA32C124AE62B769248E28DDF8F957630C920E17F63AF89DE36F85FE0DFDA2BF6B2F1D5D684CBABA1B2B5B15D32582576B44115AC511699846BE6C8B1346558EF4396C839F6FF879FB4F788BE0D78E3C5DE32F8A9E22D2A2F87D32470C115A680ED7C9296509E69883B3800B0031DFA0E6BE9593E187C3CFDA73E13E95FDA3E1BD17C43E15D4644D62D6CF50D3310B48CC6412B43228C3966663B9739624F3CD7A196710D0C6D2BD25A755D6DD7EF674673C3D8ACB9A5552717F695F96F6BDAEFAAEA78AFF00C120BF674D43E0BFEC9F1F88BC4C8F378DBE2CDE49E32F104B30CCA65BB01E389F3D3646572BD1599C57C71F1DFF006CFBCD7BE327C6CF8EFA76ED4ACBC2013E157C2DB450196E357BAE26B98FFBCFC48C319CA941DABF5875CF00D9EBBE08BAF0F1335969B7566F62458CCD6B2431326CC46C9831903A15208C0C57CBB37FC1133E0E7FC289F0B7C3BB59FC6DA6E85E0EF1349E2ED365B3F104D15E45A9329459FCEFBC0A2F0A17017AF2726BD0862573CAA496E78895B638EFD86FFE09C1A8FEC58DE1DF1B78C3E2B78B2EB45F0DE8126A77BA05C5E0B7D2ECB56B98DFEDF7326C08268963216359431560CD9276E36FFE0B07FB635AFC13FF00826F6ABE21F0D5F1927F8850C3A36897110646952EE167322E70C3F70AE41C020915BBE2CFF8239780FC7DA4B597887C7FF1BBC4769295F3ADB56F1D5E5E5BDC2860763C7212ACA71C822B6BF6E1FF008267699FB6EEA7F0ECEA5E2ED5740D23E1EDE7DAE3D26D6D219ECF503BA3C09038C8F923D9C1C6D91C639CD4A9C655555A8EE3678CFC19F0CCFF00F049AFF8223DDEAD0DAA41E33B2F0F9D52E37A1666D52F182C2AC3BF96D2C4A47FD3335E7FFF00041BFD8E4AF85AFBF682F1EF9B3EBFE226B893499AFE4DD247148C4DC5E166C61A57DE3775DA09CFCD5F747EDB1FB2CC7FB61FECB5E30F86D26A9FD887C4B662182FC41E77D92647592372991B80745C8046467915F3A7ECE9FF0004A0F887A3784F46F0DFC62F8EBABF8FFC0FE1FB58EC6CFC23A56991E8FA5CD046A1238AE5E2C493C61540D8700FF116AE886297B29ABDA527AFA11CAF9AE7CF9FF0537FDA7757F8A3E02BCD27C0CB749A97ED11AC5B783FC39194F2DEFB42B4768659B83911DD5DDCB2A11C341F3715F617C0EF853E07FF00824FFEC69A5E81636B15D6A6C634F26D9545E78A3589F6A08E25EAC5DC8551FC11AF3855247847FC157BF646F8EDAAFED47F077E237C00F0BE8BAE5D781ACE6D3920BA92CE2B7D299B212531CF2460A05638D992A541C57ABFEC43FB07FC42D17C7B1FC53FDA13C6A7E207C4B116DD22C620A9A4F849594AC8B6A8A154CAC0E0B8038E327AD5559C3D8C52764B56BAB7B25F2146367767CA9FF0717785EF3E0DFF00C11E3E15F863519D2E35087C63A6D9DE98CFEEFCD1A6EA52B85CFF0002BAE17D80AFC1D9B191D335FBF9FF000766DD98BF61EF8736EFCF9BE3D8A5C039FBBA6DF2FF00ECFF00AD7E00DC908D9CF4ED5CD4EED591C388769DD95AE3AB7AD14931DCD9F5A2AD231BA2F7ECA56692F8B757F3A1824892CC3E59B0E1BCC1854FF7B9CFD2BF703FE09E37FAFDBFC09F0A43E5787D74F31B1B7B90A659204E71B8655411D3A9AFE7D7C3BE31B8F086BB6DA85B3BABDB48AC42B6DF314104A1F6238AFBD7F615FDAAFF00E13ED7B4ED024F136B1A7F87EF2430CDA64076B24CE095DE47CCCA4E471815F97F1665955D6588FB36B1FB17066694DE15E0DBB493BAF33F66B5FF0089BA4EA834DD134CF8956567E25D5F568EC226FB2C7770CF21E7CAC08D914F4C92A768C67A835F7D784F4F7D27C39676F218DE486254631A0456207240000033D8015F949FB427C41F887FB2C7ECC37171F0E61D07466F09E953EAF6973716915EE268E177DB861C7439239CF7AFCD0F047FC1D65FB6BDECAAB6A9E0DD795181207850C8CE3EB1B002BBB83A108509A5BA671F1B5773953A6968AEFA7E897EA7F53C3A515FCD0D97FC1DE9FB58786A648757F865F0FEEDFBACFA45F5B96FCA615EC9F0F3FE0ED7F8DDA96816326AFF0004FC0B757D75398962B3BFBC8015DB90493E6E0E7B1FAD7D6D7C5D2A294A6CF89A185AB59F2D35767EFD668CD7E5A7ECEFFF00070E7883E34785A3BEBBF83D61673FDD78A1F13B3053F5FB293FA57A9F8E3FE0B95A47C36F094BAB6AFF000F3542B0C45DE1B5D56391B819C02D1A7EB8A54F194A71E68BD0BAB82AD4E5CB35A9F7C669320F715F97DFB38FFC1D13F097F687F14D868F6DE03F1D695A8EA3712C2B1CED6B2ECD9B7E62564E012D81FEE9AFB0346FF8287782F53D392E9ACB5C855C3FCA624620A1C11F7BAD632CD30B19F24A6931BC0D7E5E6E4763DFE5892552180208C1C9E2BCF3E3AFED19E15F807E12B9D4B5DD6B4BB56800D904F7D0C0F331E15177B01926BE78F8D1FF0005D7FD9DFE00EBB6BA678BB5FD7F47B8BC4692327449EE548071CF921C8FCABF33BFE0A3BFF0536F81DFB517895A5F0E78974DD5A032AB345A968DA9C693119C6774036B7A153DFEB558BAF38616588A0B99F43AF21C2E1B139953C26327C906D26FA9EB7FB7AFC63D4BFE0AE565A6F833C5FE0CD6FE19F843C2FAB49A8E9BAE47709783533B1E204FCA1361462D956F6AF9C7C4BFF06F5AEBDA507F077C58D3B50BEB807C882FF4FD9193D83BC4EC573EBB4E3D0F4AFA5BF64DF1A59F89BC29A15A781FE226853CB6B6E8A745D4EDCC2B0F1D1641F3AAF601A36E38C822BE81D1BC4F75A4EA736A1E30D06DA0B1871BF54D36E16586020FDE665C4883A72463DCE715F9CC789333553E2F91FA6E69C2D92B9BF674F95453D537AF9BBDF73F00BF6A1FD8FF00E21FEC77E373A0F8FF00C3F369371367EC77484CB657EA0F2F0CB801C63B1C30E32AB9A2BF79FF006F6D3746F8CBFB077C4D86DF4FB0F1D88B40BCBBD3E3BCF2BCCB49A38CB0991DB1878C65B2086F948EA71457DCE53C40F15479EAAB34EC7E599AF0E470D5B9693F75ABEA7F2C973AEABA9048AF56FD903528DBC4BAB4B27CF12C51A92AC15A22598861EF95C7E35E0935D64704D7A4FECA1E2EB5F0EFC5482D6F9D0D9EB111B47DC091BB20A7D3E60067DEBB732A3EDB0B3A6BB19E5557D8E2A151F467EE4FECC9E2F5F8B3F0262D3AEB5DD5B588A4B636AD1DDCA0A04DBB4AE075E0E3E6CF19AD7F84DFB3CF852F3C370C371A4DA59DC4324B0A2C7104475495D15801C0CAA83C7AD7CE1FB0C78AAD3C2E5F4D4B9BB8D3CCC98DA40C3B74C01C75F5AFB474892178ADC5A7C8B1AEE249E0A853919AF0B8732D951729CF67D0FA0E23C6C6B72A8EE8F03FDAA7F657D2350F8728B1C36D24D35F186252804910C91BB38CF0411EF5E57E0EFD976CBE1AE973DCBB5D4171A94618C031B248F042EEC8EB919AF6CF1C7C5D8FC61E30D434D9A458A0D3E49ADC649E6559644CE7E833591717B278FA58A56567B9BA48D208BA05403966FC6B9F3FC339566A3D6C92F5EA619462BD94137DCABFB24F80A2F0DEB73D85CA08AD2518865E9E54849C2B7D4703DEB98FDB7FC1BAD7887C1FAAC36377716F6B6E59646F30E4FF00B2057D11E02F0DE9DE0DF0E5C5A36D9E7B90B2CB2B756707381E83FC6BCFBE38403C4BE17D4F4F48A42AC5DFCC3B41959BDC1CE00F5AF530596D5A18351A9B9857C7AAD89E747E7AFEC5DF0FAEBE197ED0BE1A95F635EDEEB10A2EDCFC88CDDFDFBD7EAE7C5EF8C917C30F0FC6C5D626795A688003049C8C7E35F9F1E12B15F087C64F0F6AD2B298B4CBB9679508C1664076FE5C57A57ED95FB43C7ADE95A1BA4F1FD956E2DC4F86CE57249FE62BE1F134F9B1129BDCFA69DE518C12D2C59F88DF05F4BFDB0E2B1D6BC652C9A4CEC5A2B696DC81246A5880083904F4E80579FF00C42FF8232F8C346F0FC9AFF8175EB4F13AD88FB4259CF09B7BA2A39C2677231C718C8CF4AE0FC25FB4BDD7C42F8BDAAE96F3B5BE9DE1F0AD6B0A9FBAADC93EFC8AF6FB1FDB87C63E06F06DD26897D756F7120F2A1B899CB08C9E32A878C81EA2BEE32DCC63430EA9D457B23E531993BA9554E8E8EFA5BBF7392FD90BF6FED0FC0F6D17853E27FC36B7D474EB3BA300D46D60682FECDC9DA555F7074607B237183C57E847ECF7E35F0C7C53B627E1AFC5AD5F4C51225C49A36AAF15CB9287EE3BB2F9814FFB5B8F4E462BF25FC57A55C78AAEDAFAEEEA4B9BEB7BA17B991B26E9F2770627B9C920F4CAFA1E3D33E01F87B51D2F55BBF1A5F34DA5F83BC370F9DA8EA3732FD9E0897B461C1059C9E15109663C01CD7C76328AAF5BDAE1636BF43EEF0F5EA51A0E38FA9CED6F2DAFFD773EC0FF0082EEFEDBF07C35FD9DD7E16E9D73610F8CFC731C53DEBE9927FC79E9AAFF00382570479CC810020129BCFA0257E54FED7DFB4CCFFB547C69BFF153E9B0E8F6BE4C76163651B993ECF6D0AEC40CE402CE7E62C4F738E71457E8394E531C361A34E7BEECFCB337CDA789C4CA74FE15A2F43E3993B5104ED6D3A488C51D1832B0382A474348C793480E0E6BB63E623EBBFD98FF00E0A2BA7FC3EBDB43E25D32EDDE10A925CD9C870E07F1326739FA57DA1E25FF0082B968FA9FC235B7F87369777BADEA914902DE5D4261874F1F74C8431DCEC09E07033DF8C57E3A124D7BCFEC67ADCD2BEA760C4182268E651DC12483FC8570E261ECA9B9C0F470D55D59A854D4FB5BE085EEBF7DA1EFB9B8B9D42E26F324925998B4924AE4B1663EA58F27D49AFA9BE085D99ECA4BC75264946D4CF589401C7F3AF0AFD99B53896E046FB006C654F7E95F4B785343B5D16199E02A125632053C727AE3F1AF269CE52AD1ADB9EAD4A518D3748B1AAEB93C00ED63D3D6B8FF001278B24890965C91CFAE6BB2D42C45DA9022CE4750D587A8F8246A0195A3906780430AF52A6324D5AC70C30704D6A7CBBF19995B5D96482175970CEBB4700B0E6BC2BE23EA979AEE94D6D3977558095C03CB21AFBECFC01B6BFBF334B1B3871B796CD721F14BF644B4D0AE2CF53580C9A7924CC579111638C63D0E457C966597D695EB423A9F4583C6D2A7EE4A47E7F7C2CD135CB6F8EF77A95AD95D5C69F3586DBC9234F96050030663E9C75F7AFA475E78F55F0E82924630A1E1618F95BD0D6DFEDF1E1BD17F676F814748D227B7B7D5BC44AB14A9F75DADF9DDD39C1E2BE32F0E7C73F14F852DE2834FD5A548A2002EE8D1CA8FF8129AFA4CBB2D96270AA55159DAC7CDE2B3C8D0C438C3547D390F8265BDD24EB3ABDEE9DA0787E2C0B8BEBB95950F5F954052598E3851C9AF23FDA43F68DB1F1D68567E14F0BC525BF85F4A93CE33CCBB26D4E51C6F75FE1419385E4F39246703CDFC6FF16BC49F11A657D775AD4754F2BFD5ACF2FC91FF00BAA30A3F002B9C91F78C67E82BD3C0E41430B2535AB3CCCCB887118B8FB37A447B5C06380C7800734555925118ED93457B0F73C3478D3753450DD4D15E644F642BDAFF00625433F8E352881C036A18FBE1B03F9D78A57B6FEC37FF00250F52FF00AF31FF00A1AD72E61FEEF23B303FC689F6BFC189AE34FD711E267EA06D35F597826F5B5CB38A3177079A060A489861F81C57C9FF000F40DEFC743FD6BE90F8432BCB1C459998840724E6BCAC16D63DAC6EE7AD69DE04B9BB8F2B25B67D0C3D7F5AD2B7F86B7C9170F61CF38317FF005EB7FC36A0E9EB903EE8FE55D8784506F1C0EA3B57B10A71B5CF0EA54923CCE2F076A7A74A1992CDD41CE23C67F215B57BA6FF00C24BE1F6D2EEE12904ACAD271D76B0603F302BD23552565C0E011D2B07514019F007DE5EDEF5E950A307A347255A9268FC74FF0082AEFC526F167ED61ABE8F07962C7C36B1DAC5B4E43B140EF9FC5B1F857CD025C720E4D7A2FEDC0ECDFB5C78FC9249FEDE9875F7AF328492F5DBCAA2AD13E7A6DB7764ED2173EF4C7B80884F534E5FBC2A931F9AA5BB9709363E49770249C51505C1C2D150F73589FFD9, 'MeToo hash tag in twitter is safe for Women', '09/11/2018   17:13:00', '5', 'Manjunath');
INSERT INTO `user` VALUES ('1', 'Mani', 'Mani', 'tmksmanju13@gmail.com', '9535866270', '#7827,4th Main,Vijayanagar,Bangalore-40', '05/06/1987', 'MALE', 'Authorized', 'Engineer', 0xFFD8FFE000104A46494600010100000100010000FFDB0084000906071312121510121210161516181815131816121716181810171717191B13171D181D2820181A261C15172D312127292B2E2E2E191F3338332C37282D2E2B010A0A0A0E0D0E1810101A2D1D20252D2D2B322D2D2D2D2D2B2D2D2F2D2B2D2D372D2D2D382D2B2E2D2F2D2D2D2B2B2D2D2B2D2D2D2D2B2B2D2D2D2D2D2D2D2D2DFFC000110800CC00CC03012200021101031101FFC4001C0001000202030100000000000000000000000607050802030401FFC40044100001020304070504070605050000000001000203041105126181061321317192F007224151911432A1B1152342526272C1334382B2D1E154637393A2162453C2D2FFC4001801010003010000000000000000000000000001020304FFC40021110101000202020301010100000000000000010211033121411213513222B1FFDA000C03010002110311003F00BBAEE03AC92EE03AC92EE03AC92EE03AC9125DC075925DC075925DC075925DC0759205DC075925DC075925DC075925DC0759205DC075925DC075925DC075925DC0759205DC075925DC075925DC07592EB9A8CC86C7448858D63455CE71A000789250765DC075923B66D21A071FECAA9D29ED798C261C8C36BCEED6BFDDFE16EF771345585B5A4735366B1E3C4703F66B7599346C5AE3C36F7E19E5CB274D8B9ED2B91826912665811BC6B013E81638F68B667F8987E8EFFE56BDCAD9719FFB38119C3F0C3753D6945E83A3F363699698FF006DCAFF004E3FAA7DB5B072DA77673F6366A07F112DF9859E949A87145E86E84F1E6C7870F82D508F2EF66C7B1ED3F89A5BF35F65265F09D7E13DEC779B1C5A7E097827AA4E6BEDB697701D6497701D64A8CD19ED66620DD64D304787BAF0A36201E7E4EF82B86C1B725E72188B2EF63C788DCE69F270A54158E585C7B6B8E73264AEE03AC92EE03AC92EE03AC92EE03AC95562EE03AC92EE03AC92EE03AC92EE03AC902EE03AC92EE03AC92EE03AC92EE03AC902EE03AC92EE03AC92EE03AC92EE03AC902EE03AC92EE03AC92EE03AC92EE03AC902EE03AC92EE03AC92EE03AC92EE03AC902EE03AC92EE03AC92EE03AC92EE03AC902EE03AC92EE03AC92EE03AC97C7500A90D006D3C10792D7B4614B427C78C5AD6305493F00366D27C96BDE9C69AC6B41E46D64069EE431E3E4E7F9BBE4BD3DA5E9799E8E590CD25E11A4303EDB86F8A7CF0C38AC4D8524D04458943F75A7F98AE9E3C3E33758679FCBC477585A2CF8D47C5261B38779C30077712A7365D9B2D2E3EAE132BF79DDE77A9584FA47821B4710A6EEA26A263F48F05F3E90E0A12EB69837BD9EA82DC87F7D9EAABF04FC9348B38D70A3835C3C88047C428D5B1A2F2D1AAE60D53FCDBEED716FF45E46DA80EE734F02172FA4782992C2D950DB56CA892EEBAF1B3ECB87BA787F45F6C3B6634A4511E03CB5C361F10E6FDD70F10A593332D88D2C78041EAAA1D684A6ADD4AD5A7DD38791C5692EFB6766BA6C5683E9742B460DE686B62B40D6C3AED69FBC366D69F02A4B7701D64B55AC0B622C9C764CC13DE6EF07739877B1D815B2FA396C439C978733080A3C6D15DAD7F8B0E20AE6E4E3F8F98DF8F3F93257701D6497701D6497701D6497701D64B3685DC075925DC075925DC075925DC0759205DC075925DC075925DC075925DC075920530094C02530094C0224A60129804A601298040A60129804A601298040A60140BB62B7FD9A4F50CA08931566CDE210F7CFC699A9ED300B5F7B61B44C5B45ECAF760B1B0C0FC5EF38FABBE0B4E2C77933E4BAC50A854A8AEE5EFF00A41639175399ED8968BBC362F2C48A5DBC92B82290444400BBA1CD3DBB9C73DABA5107BD9691F15C63CD078A1CB8AF1228D1B158DD8BE901833464DE46AE38AB6BE11DBBA9C457D02AE57749CD3A14464567BCC707B78B4D54658EE6932EAEDB674C025300BCF674D08D0A1C6681488C6BC707341FD57A29805C4EB29804A60129804A60112530094C02530094C020530094C02530094C0220A60129804A601298040A60129804A601298040A6016ADE95CC6B27665FE71A27C1C47E8B6908C02D52B647FDC47FF5627F3B96FC1DD63CDE9E34445D0C04444044440444404444044441B27D9A46BF664A9D9B21DDE5247C80526A601447B286D2CB81B07DA395F2A5D4C02E1CBFAAECC7A8530094C02530094C028494C02530094C025300814E094E09CA9CA814E094E09CA9CA814E094E09CA9CA814E0B58B4E253553F330FF00CD711C1DDEFD56CEF2AA3FB70B20C39A8734077633035D4DDAD67F5691CAB5E1BFE99F2CF0AD91117539844440444404444044440425165345EC93373506580347BC5EC218DAE3E80A84B6234124CC2B3E561902A20B09FCCE178FCD6769C17C63000000DA0141C02FBCAB86DDDDBB27885382538272A72A05382538272A72A072A72A72A72A072A72A72A72A072A72A72A72A072AC069CE8F09E938903BB7E97E11F28ADDD91DD9ACFF002A72A4BABB2CDB526342731C58F05AE692D703BC386C20AE0AE1ED7F42AF075A3000A815986834AB47EF46206FF3A2A7976E394CA6DC9963ABA11115902222022220222202B9BB13D192C63AD0883BD105C835F0855DAFFE2206431508ECEB435D6846BCFD92F0C8314D685C7C218F1DBE27C02D878309AC686343435A035A06E0D1B000B0E5CFD46BC78FB73E54E54E54E55CEDCE54E54E54E540E54E54E54E540F44F44F44F4501E89E89E89E881E89E89E89E881E89CABE3DC00249680369277003C5535A7FDA13E65E646CFBC5AE371CF60EF4571D9721F886E3E3C15F1C6E555CB298B0BDABE90C48D39120363DE80CBA1AD61EE5EA77AB4F79D5E214195C5A37A09292103DAAD5742BCEEEDD79AB197F65367BCFDBBFC3E2A2BDA0E81BA48FB4CBD624ABA84106F1875DC1C7C5BE4E5D38E58FF318658DEEA0E888B45044440444404459CD11D178D6846D543EEB06D8B10FBAC6FEA7C828B7449B70D129B998733084A442C88F7068EF00D22BB43EF6C228B67DBBB6DDAF8F15ACDA6923290263552515D11AC68111C4D7EBC6FBA7C72D80A9D7671DA511764E79DB3636146778793221FF00DBD563CB8DCA6E35E3CBE3755707A27A2035DBDD4F45CCDCF44F44F44F440F44F44F44F440E54E54E54E5521CA9CA9CA9CA81CA84D369BA9CAAA7ED774D8B6B674BBBBC45261CDF007F74313E3C68A71C6E57511965A9B633B48D397CE44FA3E4AA619371C59BE33EB4B8DFC1F3E0A41A39A3F2D624B19E9C2D74C53896923642843C49F177E8B8767DA2D0ACD9775A53B75B12E970AEDD542A6E1F8CFEB45D7604844B6A67E919A05B2909D49582773883EF38788AEF3E3BB705B5B35A9D7FD6537BDDEDDFA3F61C6B5630B4AD114820D65658FBB77C1EE1E39EFE0A41A53A63252B119251EEBB5BDD88036AD8709C280BF03E5E5B572D3FD2D659D2F56DD319E0B60B31FBE7F08FECB5D66E65F15EE8B11CE73DE6F39C7792531C7E7E6F46597C7C4ED2AED13438C8C4116177A562ED84E06B749DBAB27E47C4287AB33B3AB7E1CCC1758B3A6F3220225DCEDED76F0CAF81076B4E4A0DA49624492987CB44DED3DD7783A19F75E388F8D56B8DBD56794F718C4445754445D92D01D11ED86C69739C435A078B8EE08327A2FA3F167A61B2F0B678BDC773218DEE3FA0F152DD2FD26852B07E89B34DD86DEECC461EF447FDA68771DE720BB2DF9C6D91282CD9770F6B8C03A722B77B411FB369F0F2E1B7C556EA93FD79F4B7F3E0444575568F65FDA09845B2536EAC3346C188EFB07C21B8FDDF23E0AE807F2AD46572F649A70620167CCBBBED1F50F77DA68FDD93F780DDE6173F2F1FB8DB8F3F556A72A72A72A72AC1B1CA9CA9CA9CA815E095E095C425710815E095E095C421778D5A8231DA0E940909573C1698AFAB208FC647BE706EF55C7649A2C66A31B4263BCC86FAB2FEDD64C6F2F3E61A7E3C16274B2D0896BDA6D8508D59784183E4180F7A2FCCD7C8056069DDA4DB3A4A159B29FB68C3530837DE0D3DD73FF00312695F3382DE4F8CD4EEB1DEEEEF51E0B723BEDA9F12309D4939721D30F1B9EF076B479EEA0CCF92B0A7A6E0C8CB3A23AE3214166C007801B1AD1E24EE5E0D06D1B6C84AB608BB7DDDF8CEFBD148DB90D8070557F6C9A526346F6184EFAB846B108DCE8DE5C1A3E2705593E5753A5B7F19BBDA17A4F6EC49E987CCC4AF7B631BE0C86373075BCAC5222E99E1CEE50DE5A439A48208208DE08DA085695B14B66CB136D03DB25052281BDCC1BE9E751DE18821556A53D9C6909939C6171FA98BF5518785D76C0EC8FC2AAB94F73D2D8DF55164525ED0EC1F639D890DA3EA9FF005B048DDAB76F193AA38514695A5DCDAB66853BD0882C9296896CC6009158526C3F6A39D85F4F21B76F1511B1ACD7CCC7872ECF7A23834603C5D90A959FED0ED463E2B24A06C97946EA6181B9D107BF13D6A2BC7CD465E7C2678F28CCE4D3E2C474588E2E7BDC5CF27C5C574A22B2A222202E7062B98E0F69735CD20B483421C3710B8220D92ECFB4A45A12A1E4B4456519187E3A7BE3076FF5527AF05AD5D9FE921909B6C524EA9FF5718785C27DEFE13B7D56CA35E08041690768E1E6B93930F8D7571E5B8FB5E095E095C425710B35CAE212B884AE212B8840AE2143FB54B77D9641E1AEA448DF54CA6F1787788E0DAA985710A8AEDAAD431A7592CD35105A0506E31A2104E74BA15F8E6F25392EB165BB12B19AC646B462DD0D6830E193E0D68ABDFC370C8AF5E82C2369DA31AD6883EAE11D5CB076E040D840C01AF172ECD3889F47D9302CD854D6470D8341BCD685E732EA66A73A2763364E5214B36ED5ADEF9F38876B8FAABE5978B7F55C71EA7E3CBA79A43EC32712302DD6117208FF0035DB01E037E4B5A5EF2E25CE24924924EF24ED24A9EF6CB6F6BE704BB4FD5CB8BBB3718CEDAE390A0F55005A7163A8CF932DD11116ACC44441645B0EFA46C4873476C79276AE2F998550DBDCA5A722AB753BEC8E7DBED3124625357370DCCA1DDAC0D247AB6F7C143AD3917408D125C837A1BDCCE241A0F5D8A98F8B62F97992A51A1C7D925666D43EF81ECD2BFEB44F79E3837F550E26BB4D49F1E3E6A5DA72EF6785296637F710C458D4F1998DDE35C403F10A20A71FD45FC1111595111101111016C0F6456FFB4C9086E70D64B910DD5DE594EE3BD3664B5F94DFB20B63D9E7DB0C9A323B756EF2BE36B4FAD7D567C98EF169C7755B055C42571095C425710B91D2571095C425EC4759A5EC4759A25F1EF00124B68369E016BDE89C3FA46D96C576D698AE8EEAFDC61AB47C1AAE9D389ED4C84CC4045442701C5C2E8F9AAA7B178B0A0BE6A6223D80C383DC692012D15738B7CF6347AAD78FC636B1CFCE5224519BF4869000686148B01C3580D7F988E40AC0D21B504ACB4699750EAD8E701E6E03637334507EC565CBA0CC4F3E97E6231DFBEEB769FF00939DE8B876E56B5C95872C0ED8CFBCEA7FE38743F3212CDE5314CBAC6E4A566233A239D11E497389738F9B89A9F9AEB445D4E711110111107B2C79E3023C28E2B586F6BF2076FC2AADDB6B4284C5A10ED56C481EC8E0C8F1BBDB6AC68DC371ADD6F8F9AA597A1B3D1430C2116308677B0447061E2DAD3E0A99636F98B4B276F45BF68999998D306BF58F7387E5DCD1CA02C7A22BAA2222022220222202EC97987437B62B2A1CC707B7F334D47C975A20DB1B3A7046850E334B69118D78E0E00AF45710A1DD92DA1ADB360824561974235FC2767C08531BD88EB35C394D5D3AE5DCD97B11D6697B11D6697B11D6697B11D66A12F3DA3250E3C27C18A1AE63C16B81F107354CE9476491A113124DE23337DC710D88300773FE055DD7B11D6697B11D66AD8E771E95CB09976D7ED1AD3E9CB3292B121073184FD5C46963DB5353434F3AEF0563BB41D29168CC323358F631B0C3035D4A8754971D9891E8B60AD9B165E6DB7262142883C2ADDA381AD42ACF487B1C1B5F271C0FF2E2EEE01E368CC2DB1CF0DEEF8ACB2C32D6BB5448B2F6E68CCD4A13AF80F68FBC3BCCE61B3D561C15BCBB65A7D4444408888088880888808888088BE13441F5164EC8D1E9A9A3481022BC7DEBB46F31A053AB17B1D8EFA3A663C3843C5ACEFBF854D00F8AADCF19DD5A636F515912A5DA2DD9E4DCED1E46A611FB7106D23F0B779F80572E8F68248C9D1D0E131EF1F6E277DD5F315D832526BD88EB358E5CDF8D71E2FD62345B47E1484012F04922A5CE73B7B9E77B8F96EDCB2F7B11D6697B11D6697B11D66B0B76DA4D17B11D6697B11D66B86B4E09AD38284E9CEF623ACD2F623ACD70D69C135A70434E77B11D6697B11D66B86B4E09AD3821A7276DD84B48E1FDD476D6D07B3E62A624BC20E3F6982E1FF890A41AD3826B4E0A65D748B8ED5A4FF6352AEDB0666343C086C41F120FC56026FB1A996D757352EFF2BCD730FEA15D5AD3826B4E0AF39729ED5BC53F1AFB31D975A2DDD0E13BF2C56FEB458E98D04B459BE5229FCA5AEF915B27AD3826B4E0ADF7D57E88D607E8B4E8D865267FDB27E4B8FF00D3339FE1267FDA77F45B43AD3826B4E0A7EFBF88FA1AC50F44E79DBA4E633611F35EE97ECFAD27EE9570FCCF60FD56C7EB4E09AD3827DF53F445052BD945A0EF784067E68B5F902B3527D8BC53FB59C82D1F821979F57382B8F5A704D69C156F3649FA62BCB3FB1F92650C58B1A29C5C183D1BFD54AACCD119197A1852D0011E25A1CEF5712B33AD3826B4E0A973B7BAB4E393D39838B7ACD2F623ACD70D69C135A70555B4E77B11D6697B11D66B86B4E09AD3821A73BD88EB34BD88EB35C35A704D69C10D3FFFD9);
INSERT INTO `user` VALUES ('2', 'Raju', 'Raju', 'tmksmanju13@gmail.com', '9535866270', '#7827,14th Cross,Rajajinagar,Bangalore-21', '05/06/1987', 'MALE', 'Authorized', 'Professor', 0x89504E470D0A1A0A0000000D49484452000000E2000000DF0803000000DC2AFF960000016B504C5445F5EEE5FFFFFFF2CEA51E1E23E6A422C1CAD4D98C21D4B08C216DD9249CF2A3705FBB8660000000F5EFE7CC98722626269E695AE5BF9AD1A37DC28F69F2CDA2F8F3EDFCFAF7F3D0AAE59F0000000BF8D3A9C5CDD4FAF6F1368EE4000006D2AC8517181EDEC2A6E7D4C00096F1D88811DBB189D78500F4EAD9F1EDE9EEC07EEBB662E5BD95F0C791E9B1510F101818181DF3D6B5CCA284D9B999EFD3A5F4E0CAEEF0F31C1F21ECDDCE81C1F7C8C5C3AFBFD5B0806B4E84D8E3A65CD6D7D93678D87D9FD6494443E3E7EB353334EBBD70B7B0A9E8AA39DAD2C9639CCCAFB0B2E2AD6D000E17BFDFFB756E693EA2EE95CBF85FABE987898C5051553F4146ABD2F4686564D9EAF87374779C968F8B847EC0C0C2B7B0A775ADDA948E88B5DAFA68635E969CA555585EA1B5D20061D9256FD9AAC0E97899D45782CB98B1E53F4249E8AF424695E38FBADFAEB6C0E19E37E1A863413C36584E449A846DDF9D497B6B59E5B883716353A89175BF9379C3A3A49C000011D949444154789CED9D8B77D346168765E761964A354E2D3B7EAC31348949E2380F12B3E1D9C4242C61E9B6D02C092D4B29A5ED661B5E81853F7F47922DCF539A3B739DB67BF6777A0E69AC8CE7D3BD73EF9DD1487232A357A954AFFBBE47E4780EF98FFCE0FBF57ABD543A852FCF649C51365EAA133027510476D4A4A3420CE892E158D0FAE83847815882D0519C23C2C4462CD58DF006F24740898A6868BE111B130FB1E4DBE3C59468BDCAE021DAF9A728448F45414434E0082811104BC806C486B446AC8F8A2F9487006989385AC010D23AF458218E1E3084B4B4A405E2E900DA431A23964E0DD016D2107174515425FF9411479207D3641A774C104FDF8491BC5343FC4D4C18C9C89060C4D30D33BC4CC20E14F137346124B82161887AA3306DBDC64EE0110942D44CF6AD60D1295A6E1B8980CE0A41D47452FF687A69BEBDD26A39BE1FAD2D8666F506F207BF3116CC59F511B55385BF303E3E4D347EB470BB7D79657D7DBD1589FCB4B272996885FCB215E21B3282EA006D44FD48EADF1E8F351DB2B2FFDBFFDDEE12B1B46FB8DA0389ACBA88809ADB6F53504922A447ED75CF8C529F511311922BBC154DC40873E972CB08527B40EA21C2B2610B801850EEB61D9374ABCBA885083CC9DE02083180BC6C6248CDA0A3830825F4D781880472A16560483D460D4418A1E73BEB6D3022D1CAA81853116165B7E7B7DA47D3B0B1383064DB8051A79A4B458401AE2F98F1858CF3060352C38E6988504053BE3E23185183310511705AFDD66D2BC071435F4D654C4684105E1EB725248CA388398988FA849E63E7A33163CB203FA6D4004988FA67D45FDF452124F9D1A4CE49AE571310F52B6F7F05852F645C31A9571319D58880D913A4EE4ED392D1624112A3121140B88E4848CC98BE5947545209A044D4FE160F5E9126EAE55E71DD01170109615585A84FD83A42259C9C9C99993979BF0E85548755052220D458277C8E30D4CCCC2B28A47238CA110103F1F2280803C8B93DE0FC0A86A87FFE80337C6DC20072B20C62540D47292220E7A3BAE924A7B93D506C550C4719A2BE9B7AA8F9822724863C0165497D44FD36C1AB3430C2801152B4CAB3A30411507C631A514648185F59BBAA880858C9F0E7F110E584643C162131470F11D0206238551112465B57151001E7CC4BCE89D3E3474B0B0B0B4BBB3680C455F7206694B82A8F085970F39792F816DAC572A8623B2D2825111281A6C9E98810A77094469CDE9DCF96B3B1CAED444BA610CEBC8798512C003844C8A62FF5E599DDF93205184226183285707212961C855A954384B4A58CA7B7B31C60684835E14CA0D05ED13FBCE6D641DD4A4604EDDC530CC5DDB60818301697646784409DBCDA7BDF2E866AEFDD981429671641B52A6F461611D292D392122E15A5848A11F972AF9D656C5ECEB66FF090B0982A240E0611D692ACB4995E500186FD9F672117A4062FB75F728C2F61EB39A50444483BD29962326168A385DD7049797A7CE9B6D2DEC5136E30823AC69B914684CD4025D1268D30A22CB6E7E7E783A4A93EA6CDFA2A2CDEF066A41141CD301B3306E3309D304248C08B0E78C530CE0117573D15227023B42FA4BA5D3D401D1559C42C708DBCA44084AEEBF13963BA8D8758664623306B70661C228277B3F3881A03515FEF676C1019330E11C12BD03C621191305B64AC08AA5203F93244F856DAA5111A319B3DB142746488F08B5E1C22E248CC7231D500B12E4104137A2CE211AE1199C16880E88988F05B67B8A4318F8CD8B60A3774C019201A6C0761533F6AB0C9B2F166069A171D3AE038A6C1862BE0B0FD94C98CD0EA26148F68B25182D9767A1B1DF186798D1AAAC421C25B60D735302B9B3EE2DE30DECCB54CFAC7229ADC5FC2CE17B109D9906A74FD9F4534D909C25C00471F8A0CE28941F786A9D131F5537262A9293C726913683867042E6CC41DA411CDEE83A297A7B0B36296CE1A06993F148D6876CB2C75F9143FDA100DA34DD9EC4E87128568D602BD78839DF889CA7639C389B3BF633A1499ACB13B52C449939CE1C483D1311E8AF4B5B7237CC26C395E6A842DF8532AC588A6F724FAB19FCAD6A58A8B44A9D6AD660BC1718BD96A95471C547086019541346C809A6BF0888B539FC69A5D54032E4E7DF6495F9F4DCDB2E763886830CFE877D01E31AE5299B448F325512E4E7DC2E953FAB81871EEA2E90D72DE00D1F8EEE061BCA18AF0A20018684AF4580130842C8888B04BA88C0688E6B707B744C445196020D690D5451960A0D9C1988CA71A27E61D2CF5118DCFD1B0848B8B9BD9A16F92584322C96C6CD4591A71763802C368438E1B8CCA590ED13CDAF4CB541BC4617D33405C948DBDC1D81C3256FB84532490C6BF8BC7E6228B085E0AA73BD847346E800CC6FEAEF73E6251E6934485299631F2D2A9229727AA8B912519C4B91BE643318A378ED5B3083C275ADDE823866E3AC503069A623E611C9251C8384521CEAC583D782D42B47A6C8D570F1963472528B29E87F431D3141356580D33478838B36EF7AC84528868F9BC053FB8076538972A16A43D275CF107C5303BC809B38BB1F70649630EB62355543D44B47CC080D7522C4E55AB6B0529C72C1553C2E30A05A17A8B10676ED83EEF2242B46C24AC7164886FF3DDEE9B3549DF3F0D92C590F0C3EB6EF7F507F13882683A8BA23A878218ECDC9020FEE75E3E9FEFDE93300621656AF0EBEA874A971C571119CB273619B12F0F07D19F17AFF1573F0484A4EF6F442B7E1607CD40D171F9A63086CB27462BC49C0244FBE7D778EB12C477DDA8EBDDB544C4C1A9C8770433965F1ACF13D1111D7F57447CD347BC9786D8EC5BF1AD803869B82AC588640D07E1696E7E5B981257DFF5BB9E17930883B8DAB7E2BD5511D13AD8E0217AEBE24AF15AD4F5E63B45B889CF452F3477B7271C56365B039720223883D7121736C820EB76BBF75E0B3DE711D7BACD6EB7D9CC8911D53A2906424274BC7911A4BAF6EEF51B49BAE3236A35FBF6CD9BB7B222C1783D8316C9FD284F4FF22F4B4848D9222B5A7844E5714584948187E8AD43D651794485DA86ABA7AC7C2444A73502C4224ACFB010BD16805017D1F0420627DF66CA4FC9734680883214D1101D0772EDED8F89E8E123E204D460AA81136EBC157C448CF20DD38ABF6B44242B02B2C61F141192FB35115132FFFF11011A05224ECFEA48330D58055720D238FC8F8CA8A7324ABFB066FD4191FA3F8FE8808A542DE114378888DEEF1911E739E0E8884825AA83B31A1E0854876B21E2143798889022F5141191AE69844D418AD45344F431AE2F46822D50E920E2D46F758CABC4917EAF8825FB6BFDB1D073BFC53E0D4A25EB1D1BB1D0CB1BA4E2C67ADF0D2D6C44B4806AB77B8A6E0C373122657E1F155195350A29926F4E41CA1975EB9D8C945421F5DAB91409974E2344BC806AB51F959122DE7C3C9BAC73AB722BA2F429DE8F8A146FE483B19042784DEEA888D1060F513118ABB97389845240CCF2CD6E873F2B85A75657D58C2A423214D1127F8488342B56A40D35E3B98F0A42C4F9B0DDDD369C94656AB570560679EEACB88501D74FA9BB6D703263D2CC7F55803C77561E4A4321556FF43D53489EAA9E6D54B3ABD7CE9E1B60921F3EE6B22A13E2CDF8E93BDFB0DEE39634F5AF160AAB1FAF05FAB85A48E0235A41EA0E7DFF2292A7A6CDA8FA7B4FE45B552823E25436EC5DA8582FAB43991863B9697CD7BBF91DE13221AC5261AD2EF2778463ED6AF02EA876BF6B6BD1F82630BE2F1C2296A75EC8593216CE6321F24F6740F2548268C758C8A121663844AC6D0D04D186B1904343149E948295FD03C45CCE9430F85B2C44F1793748756A8468C8984344943CB5086979A38F68E2AC851C26A2ECD95338CBA90344B821077F8784989120A214711422CC90851C2EA2F439702801C7BB70DE8871488884287F9A1F921929465D480A3077FE0A422F54CF644431A39FB992831A9236E19A8F72A6554FD6C4C81B640C946086644C7811A717CAE7A362E48D70985FC9E9333226C45A48523FE516A1F52892F9BA86644C7801AB1309CF2A46188D838C7B91665442D280B92BFD3FBD64DD89A4274EDB9FC1B8A8F0D6D220690B1213C6FDB2464C7C6EB8BD19A9BA893524A12CC49CE447F6B3D8841888C94F7FB73623FD3A0B27C741AA74FE025D8CD822A63CC3DFDA8CCC1B3BD8F4A126BCC874C11631ED4D0CB68977836DAD956EC820DB6322A6BE4FC36EC2E1F9DB7C736986E44C4874D3EAA11A1A6F4531CFFF9EEF6C1E3E16BEE04A12633FDB333A38B8037F37612CC9CBEDACDE5044E1D5EFEC3CCD57DCEFC56FA8AF292107D99ED133B7D2BBBFE3D48D30B5DE50047655623DE7DBC3AE5BE98C8D75F6255F21A48F01604EF65AA88DDEF258B353717B4F36C3A661927DBDE49790764927EE3C79DA08F042B9B2EFE0EB808109A56F4CDC76A3969A1D77791FEAB39A6F0BD37655CFF7EFECECF71A95E6582C7743D25E4666C8F357E4473E7687AD752A95ADFB3B57B47D56FB9D6F3AAE4AF08877F63A950EC517208AF1A6FF3D6CFA38BFA67AB1E7D71DA641E2B3CDAD279B9E16A5E2AB65BF4C71D5C03B0FDEB88DCEF218AF8A24DEF4C5A40F2155C47AD6141A6D56DC8A8ECF02DEBF98540090D37967E77ECFAD883D097BF340D9F7E17A8090ED29952AD27689CFBA5B873B77FC044CD05B3455AE1AA6BEAD65DE3B69C4BC1A91D401B3A1D4261C461B59DB9DC6D88303A5CF2A5F4DACFD46DBC83B85C1279CED9B09FDCF7CF757A26F928EB8DB486CBE59A92C930024C304BED1961B8E01DEB787799577D252C69B407FF9FC4F449F273172D1467A16039FDDE431C1EF25A68663E89D0F88F9C4E02251E5EB3442C2F84FF5310FB5BE8524CD31360019BC5D3A1A8E83C22CC53BE92F7F964A98C8A81E8ABC48D2ECC549D3E81DE121E3CEE198AB69BEBE967B8AE44F112630DED4470CBE6C50E899BDE93D93B9B3D568A48F0C5E2E3F9F9210AA1953A28D44C4673B4F2F2510262166EE2B725432A23CDEFC9D21248C7F931EA6116D245F793789301131F3C0E00B3BD278C313AA18F5A20D47F824913019B1B4056794C61B9150CEB801071C6B3C4A264C462493373863471CFA324229232CDA84AADC4F214C41CC5CCA8319C57823279431C2A34D453A0987201A3036F8C1FF8D829030FE833BF411F4CB2A0965BF2E62661BCAC8C79BED892F5584DFD5B824FA40BBC4E8133E4D4A88BA88603B2E3FE4086B2AC6AF6A13130CE30694705F835003317309187398F59BED898989DA5529E1971381684660B469A48F434D4468EE70A9F9D4768821658C0819C6EF41B5869B1A4BF51133A5A7904847C59BED3E46ED0709614D6004459BB48C0F4324B51CC08586F1664048187FE511AFD6E20F63C68780B19852B5C1113307FA8C71BC191212C6EFD8D4F1438DFAB0CF58D2FF8EA6BBA94BA88D98D9D198F2F795DF100803469AF0D71AF361F407FAD1A6D34B5C3F3144CCDCD40EAC8D9B222161FCF79F637D55E33E0C19B5A38DBBAF9A94DA21662EED6B9EE530DE6C4CF03A33D42D1E3164D48D36DA81068C180C482D67ED3C9210D67EA110CF5C154E00695E0FB0D3D01F8670C4CC664FC7979A0F2436AC5DA711BF10CC3891D9D0F253F741E214DF1A31537FA4E5AC370500C64FCF9CB92E7E5E7BAC81D8740F808060C4E0CA51FA88691C8B008C9FCA3C75426351A30289A4C68841D4491B919DAF53FC54E6A9B567698B1A1D609C31462486CCA7B8D4F2BE0070F54716518CA913BD144477CBC084868899D2A364432EF7D2FCF4CC73C1538F93093BC2547BA488A40ED84A846CA4F9A9C45313137FD3BD0F0DA4B688A4A0CB57D4A7BDF23DEFA73CA1E0A9B584C4DF34F5513BC44CE9604C79DEF97823F8A924A64A2E0F0F007BA63E6A894862EB93860272F9599A9F8A9EAA8A36045067F962348804F25071CD31CFF5FFB988C879EAB174D6DD6C2C5B59D01E91943B07F98604B2C31AF10B9190F75459B4E9B85BD680F688644CDEDD120B9E06136F647ECA79AA24DA74DC7D60C12D973D22D1E63EEFAF6CBC11E36920B64EE56A9BA6EB1E5A44515A288864501EE45DFA5272F3196522593C153C95E1AB100FB58B3194901089360F7B43CAE587A97E7AE6CC4FD469387669BE03240386C24324A37293DAD5414D36E47ECAC6D47EB40976633CC1E4CBE02212956E1E6CB90D624CAABE51F9295DA7D6C84CAAD971DDA77715D7D12D848C18A87EF77EAFE33E4AF5533AA6D6FEE52E6F3D4109A082468018E8D2E6416DE238D94F879E7A3C513BB8695C66A7694488813636B61FD71E1F3FFEE2F973497143FCF4F9F31F8E8F6BB5CD8D0DB4E829D3081143954A99EDAB2F5EFCF2D3CFD76FDDBAF56320F2EFADEB3FFFF4CB8B1757374A23858BF45F5B86CB31A5FCF6CD0000000049454E44AE426082);
INSERT INTO `user` VALUES ('3', 'Mohan', 'Mohan', 'tmksmanju13@gmail.com', '9535866270', '#7827,14th Cross,Malleshwaram', '05/06/1987', 'MALE', 'Authorized', 'Scientist', 0x89504E470D0A1A0A0000000D49484452000000780000007808030000000EBAC6E000000066504C5445000000FFFFFFB9B9B9F0F0F0FCFCFC6E6E6E222222E9E9E9F3F3F3979797DFDFDFF6F6F6B3B3B3C2C2C2656565E6E6E6CACACA7373735353535959599D9D9DABABAB484848D2D2D23F3F3F8888882727274E4E4E1111111717170808085F5F5F3636368080804A918D9200000422494441546881ED9BDB9AA2300C8023051514114754C003BCFF4BAE8EB2D292F444D4B9F0BFDC4FFCB7B5A46D9281893B495AB4353CA8DB224D3CBE041C3F9F2D574718705C2DB3578A457A41AC0FF725152F128BB8A2AC77AAD8416D2D16F154AFBD31B557DB8A97E41C2B33BE6415EF7776DA1BBB3D9FB8B0D7DE2898C48B1F372FC0CF82432C0C6B19A332AF31A3786FB198874C8D3FB449BCF7D1DE30990D626FAFD1AC170BAF79BE33D5FFCE5AF1BCF1F70234736F7134C60B10F98AE3715E80D84F3C62617568169846EC109F29763EE2E5782F00BD5791E2F989437C225736292E39BC00A5AB38E4F102848EE2D1AF5207F54A1162B601934326C4299F387512AFF8C42B17B1E0F302E0BB142E66091E1D7810C1C539A738B7178FDB8755F07D1915279C5E00F4168B8AD7BCE2B5B598294E77A0F11A15B3AE2D6275A162E73B8B9E1F5B71B8E1156FB0708D89339633C09313961FC1C4B311C7788CE9EC2BFE8A3BB85F27CCF1A702C8E742E6C736898F6D8B1F3B082C0E9CDE039A6EFB5B87BDCF1D6F3F76A0EFE77B5669E04CDABB0211B91F421C3C1F9C52375C0D612FDA074EE2496FAAC84B3D4D3F025102E2DFB7BD47ED52EE3DFA89AAADA3B87F336F2CF2DE7D164DEF61D75484948B20AEB814FDCB3599DC23C50BB0791C434A9F90934527D8A40A886D5167A2041FBA2E629B524477180C6967F34A292A49546A752A6CA587FC92A8CA97B436DED6FA3FAB4D94CBB99FC658264E1AE901EDCBA015ABFB72AC7DA1174A3610DF87ADC4934429653644E0BD11C8C385A37E820CE51FD50C8702DDE544A11E5A0C5E63C16B78FCAAA27426C5C1709646C332A06941184B7CC979F09DD7237A5E04627E4504458E1DFFCFC685682E6A2A4BD50AF30B6055C6752E3F452C65DCC9C70AD75792DAACEBA8EDDA516C9B13AC076D355C07F1449416B9A053C9DE8E7165561A3205D312BBFA8F175FD5E9057BAB7F395F5207AD4F935184351945AF6D327A902CB7F9FF919FF3EDF21D6D553D42213C2E190CE2717CC55FF12F73A7D51B6AFB3FECC5595C43A539E4A90415D4B1399C18C4227E6C0DA7ADD5A8E7DD11F764EADED38AF752DAA9DD1BDCE15AFA7CAEBDD06BC4EB41F6B86A03721C22680747CD8DE6AA478A13FCA455D5F13A9143652892755CE37D6E1119C6A91E812DFA3D0F9A4D9497F7C45299479B46F7596A6DE0E284A1DDA663870F1A15B366148974022666CE93E3993244CCD811D181DC948762C69FF7C930193210BF60BC37066356C4217301E6491E6AC56CBD4543629D38303FEF4F408BB3577A01324A1C3ADC097DA84342EC780D76A7C0C533CB36797F8E33543CB2E1D586081333349E9AD92362D6B21EC5612866AEA052AC07E217C56895952A662DEAE9C814716B7E848756163336809A0825316303A8895412BF217874447DF1DB96D60DD113BF71A6BBB98677CF7437D7BF629F3FF0F1E7FEA741FF003B3B3706917081010000000049454E44AE426082);
INSERT INTO `user` VALUES ('4', 'Manjunath', 'Manjunath', 'tmksmanju13@gmail.com', '9535866270', '#7837,34th B Cross,Vijayanagar,Bangalore-40', '05/06/1987', 'MALE', 'Authorized', 'Professor', 0xFFD8FFE000104A46494600010100000100010000FFDB00840009060712131015131312151615171815171517171515151A151A1515161615181715181D2820181B251D151521312125292D2E322E171F3338332D37282D2E2B010A0A0A0505050E05050E2B1913192B2B2B2B2B2B2B2B2B2B2B2B2B2B2B2B2B2B2B2B2B2B2B2B2B2B2B2B2B2B2B2B2B2B2B2B2B2B2B2B2B2B2B2B2B2B2B2B2B2BFFC000110800E100E103012200021101031101FFC4001C0001000202030100000000000000000000000107060803040502FFC40049100001030202080206080402080701000001000203113104210506071241516171138122325291B1F114234262728292A143A2B2C153B32433638393A3E1F01516447374C2D225FFC40014010100000000000000000000000000000000FFC40014110100000000000000000000000000000000FFDA000C03010002110311003F00BBD2BC90F251D07C90493C0213C38A8B6412DDD04934EE84D145BBA5B337FF00BB209AD2E95E257CB9C002E71000CCD6C07755EEB46D5B0D092CC30188907DAAD2269FC5793F2E5D50589BD954E43E1DD629A6768BA3F0E483378AE15F4211E21A8E05C3D107A12A91D60D6CC66309F1E625A7F86DF4231F905FF354F55E2A0B4B4AED96535187C2B1A383A57179FD0CA01FA8AC5F1DB46D272FFEA4B0728D8C67EF42EFDD62AA626171A34171E4D049F7041DF9F4EE2DF9BF15887779A523DDBD40BA4F95CEF59C4F724FC57AB84D54C7C9EA60F107A989CC1EF78017799B3DD286D827F9C900F8C810636C91C2CE23B1217720D358A67A98AC437F0CD28F8397B2ED9E69517C13BCA5C39F848BA78AD50D211FAD829FF2C65FFD1541DCC16D0749C56C5BDC3948D649FBB857F759368BDB1E21A409F0F1C83898DCE8CF7A1DE04FB956B8885CC347B5CC3C9ED2D3EE2BE106C0E85DA768E9F274860772986E8FF88096FBC8598452873438105A730410411CEA2EB5397A7A1358315847570F33982B52DAD58EEF19F44F7A5506D00280D7B2AC35636B714948F1ACF09D6F158098CFE26E6E67EE3A856561E76C8D0F8DCD731C2A1CD21C1C3A1191083941AF64AF2517C82741F24124F0084F00A2D904B774124FBD4D57CDBBA90297BA0952A14A0F92780516C8292795D45BBA05BBA5BBA5BBA5B33740B666EBC6D67D67C3E063F12777A46BE1C6DCDEF2383472E6E3905E46BEEBD47806EE3409312E156338460FDB92961C85CF4152287D27A465C44AE9A6797C8EBB8FEC00B35A3801920F735BF5E3158F716B9DE1C3F66161CBBBDD779EF97201632A0959EEA76CCB118AA4B39304273151F5920FBAD3EA0EAEF71BA0C1F0F03E478646C73DE6CD6B4B9C7B34665679ABFB27C64D474EE6E1D9C8FD6487F2B4D1BE66BD15BBA035770B8466E61E26B3DA7DDEFF00C4F399F8725EAF40830BD11B30D1D0D37A374EE1774AE247FC36D187CC1596E130714437228D918E4C6B5A07900B9FA0F925B20827A0516EE96EE96EE816EE96CCDD2D99BA752838E7C3B1EDA48D6B872700E1EE2B16D2DB37D1B3D4F81E0BBDA8498E9F907A04FE5596F5297CCD9052DA77645898C1761646CCDF61F48E4F23EAB8F72D55F63F032C2F31CD1BE378FB2F6969EE2B71D464B6AAFDBE2BA5A5F44418A67873C4D919F78660F36BAED3D410506AD2F6F5635AF15817D617FA04D5F13B363F9E5F64FDE143DECB2FD6FD954B16F49822668C66623FEB1BF80DA41D323F8956CE041208208241072208C88238141B1BA9FAE987C7B2919F0E602AF89C7D21CCB4FDB6F51E602C92D905AA386C43E37B648DCE63DA6AD734905A798215DDB3BDA1B7154C3E228DC4D3D17641B3D397B2FE6DE371C400B02DDD2DDD2DD4A5B33740B666EA40E254752A40E2504A95155283E49A77516EEA49A28B666E816CCDD61FB43D746E0220D651D89907D5B4E62316F11FD390E27A0247AFADBAC31E070CE9E4CDDEAC4CAE6F79B3474E24F000AD70D29A465C44CF9A676F48F3571F80038340A0039041C389C43E47BA491C5EF792E739C6A5C4DC92985C3BE47B638DA5EF79DD6B5A2A5C4F00130D877C8F6C71B4BDEF21AD6B732E26C02BFB67BA8ECC0C7BEFA3F10F1E9BEE180FF0E3FBBCCDC9E94003CDD42D9B4786DD9F141B24F916B6EC88F4F6DFF7AC38733615FB25FB274081D02741F24E83E4B871B8B8E18DD248F0C6341739CE340D1CC941CD6C82F1F4EEB560F06293CED6BAFB82AE79FC8DA9A2AA75C76A134C5D160CBA18B3064B4B27507F863B7A5D4595764D49273249249CC926E49E2505C7A436C9034910616493EF48E6C40F5006F1A77A2F1A5DB262AB56E1A11DDD23BE042AD5105931ED8F155ABB0D01EC646FEE495EAE036CD193F5F847B4738E46C9E7BAE0DF8AA85106C9682D74C0E2C86C53B43F846FFAB793D1AEF5BCAAB20BF6F8AD4C2166FAA3B48C4E1088E62E9E0B16B8D6460FB8F37FC2ECB802105F97EDF14E8174B43E9687150B6581E1D1BB88C883C5A45DAE1C415DDE83E481D07C961DAF3A81063817C748B13C240327D384A05F96F5C75192CC6D904B7741AB1A5746CB8699D0CCC2C91B70788E0E69B39A7810BA809041048233041A104660822C7AAD91D74D52871F06E3FD195B5F0A503361E479B0F11F0342B5E74BE8C970D33E0999BAF61A11C08E0E69E2D2330505CBB31D7CFA50FA3620FF00A4347A0F3FC768F83C711C6E38D2C2EA56A8413398E6BD8E2D7348735C0D0B4835041E6B61B67DAD8DC7E1F79D413C746CAD1CF848D1ECBA87B104704194F52A4679A8BE66CA467DBE283EAA88883E4E59AF9738005CE20002A6B6005D7D1E65577B64D62F070A30CC3493115DEE6D887AD5FC47D1EDBC82B6DA0EB41C7E2CB9A7EA63AB201D3ED3CF57115EC1A382C60952B3CD92EAAFD2B13E3CADAC3010686D24976B7A86E4E3F9799419A6CA752BE8D18C54EDFAF91BE8B48CE261E1D1EEE3C85073AD857EC97EC9D0207409D07C93A0F925B20816C82A0F69DADE7193986277FA344E2053F8AF19179E60661BEFE395ADB48D2FF45D1B339A68F781130F1DE93224750DDE77E55AE40209445D9668E98C46510C86202A6411BB700E65F4A7EE83AC88880888808888324D45D6B7E03101D52617902665EA3DB68F6DBFB8CBB6C5C3335CD6B98439AE01CD2330438541AF1A85AA0AF5D8D69832E8F309357C0FDC1F81DE947E43D26FE4419EDBBA5BBA5BBA5B33740B666EB12DA2EA78C7E1F79B41888C1313ADBC38C4E3C8F03C0F4AD72DEA53A941A9CF61692D7021C090E0450820D0823810725EAEAAE9E7E0B14C9D998069237FC461F59BDF88EA02CF36CBAADBAE18F89B46BC86CE0707599279E4D3D77799556A0DABC0E2D93C4C96376F46F68734F304547C9762B5ECAA5D8A6B1577F0323B9C905795E460F33BD4EAE56D57920FA45145283E5D4B9B0FDBAAD66D73D37F4CC74B3D6AD27762E91B3267BF3777715776D474B1C3E8D9883474948599D0D64A8711D4303CF92D7741C98681D23DB1B055EF735AD1CDCE20347BCAD99D57D0ADC26122C3B3EC0F4DDEDBCE6F779927CA8382A8B633A0FC6C6BA770F430EDA8EB24956B7DCDDF3DF755E5D0207409D07C93A0F925B20816C825BBA5BBA5BBA0ABB6EF3D21C2C7ED4923CFE46068FF0034AA79A0920004939000549272000172AD6DBC03BD83ED3FC625E7EC6357DB3621F8A9002D8281839C8E04EF53EE8B75703C1064BA85B358A16367C6B1B24C685B1BA8E645C45459EFEA721C2D5362BA30410E037694DD232A5294217D75297CCD90537AF9B31747BD88C0B4BA3BBA019B99CCC43ED37EEDC70AD8563FF7DA975B657EDF158B6B4EA160F1C4BDCDF0A5FF00163A02E3F7DB67F739F50835D9166FA6F65D8F8093186E21838C7E8BBCE371FD9A5CB0CC561DF13B76563E377B2F6B98EFD2E00A0E344440565EC2F13BB8BC447EDC4D77FC37D07F9A5568AC0D891FFF00A4FF00FE3C9FE64482F2B666E9D4A7529D4A075297CCD92F99B25FB7C5075F48E0998889F1482B1BDA5AE1CC114F2E8B58B4DE8B7E17112E1DF9BA3716D7DA176B8742D20F9ADA5BF6F8AA8F6E3A1407438C60BFD4CBDC55D11FEB15FC282B4D11A45F87C4473B3D68DC1C3AD3D66F62091E6B683018C64D1472466AC7B5AF69E8E008F8AD545796C5B4BF8B817404D5D03C81F824ABDBFBEF8FCA10585452A14A0A736EDA4AB361F0E0E4D6BA570EAF3B8CF7063FF52AB5655B51C678BA5B11C985918FC8C6D7F98B962CC8CB8868BB8803B9341FB9417EEC8B46783A318EA51D339D2B8F427763FE46B4F9ACD3A0F92E0C0618451470B2D1B1AC1D035A00F82E7B64102D904B774B774B7740B774B666E96CCDD48E650559B7780F85859393E46FEB6B5C3FCB2A7610F1E0E28711246EF7B081FD25799B58D6FC2E2A3FA2C5BEE7C53076F803C325AD7C6E6835A9F5EF4A649B0E94B3178985E0B5CE898E2D702D23C27119839FF1905C97CCD92FDBE297EDF14BF6F8A05FB7C52F904BE413A0F920741F25C788C3B1EDDC731AF1C438070F305725B2096EE831DC6EA2E8D93D6C1C553EC031F9FA042F267D94E8D366CADFC32B8FF5D56716EE96CCDD052DB43D9FE17038413C52CE5E6463035EE8CB7D20E26CC06B469E2A76170FFA5E21FECC21BFAE4047F9657B1B75C47D4E161BB9F2B9E00CFD466E014E27EB5631B31D68C368F9266E25B2874A6369706D44623DFAEFB49DE19BF8036417BF5297CCD9446E0E01C082D22A08CC107306AA6FDBE2817EDF14BF6F8A5FB7C52F9040BE41785AF5A2FE93A3F11081576E1733F1C7E9B0799681E6BDDE83E49D020D4C078ACF7631A44C7A4BC3AFA33C6E6D3EF33EB1A7DC241F99627AC581F03193C3C192C8D1F8438EEFF2D1726AAE33C1C761A5F6668EBD8B835DFCA4A0DA144441AB5AC536FE3312F3F6A798F9195D4FDA8BB1A9B86F1348E159CE7889ECC7079FD9A579533F79CE77324FBCD5647B336D74BE107DE90FBA094FF641B1BD028B774B774B7740B774B666E96CCDFF00EEC9D4A0753F25D5D2AF7370F2BC7ACD8E42DE843090BB5D4A873038106C4114E60F341AFF00B21C2C726948FC400EEB247B6B9FA6D0287A90093DC555C9A534537E9B87C63451CDDE8653EDC728A36BCF764F0E9D0B95198095DA2F4A8DE0698794B5DCDD19AB6A071AC6E0E03A85B1914AD918D7348731C039AE1987039820F2B20E4BF6F8A1CF2097C82741F240E83E496C825B2096EE816EE96EE96EE96CCDD02D99BA7529D4A75283C33A29B2E91FA4C801104623841FB2F90EFCAFEFBBE1807AB9563B71C331B8C85ED003E489DBFD771D4613D6848AF41C95D4071B0BFF00D4AD78DA1E98FA76927783E9B46EC10D3ED90E22A3F13DC69D2882E6D9E3DCED17842EE1134770D25ADFD80590DFB7C574B42E004186860168A3632BCF75A013E745DDBE4102F904E83E49D07C93A040E812D90BA5B2174B7741AF7B57C36E6969FEF889E3CE36B4FEED2B10712054644663A1E0B3DDB5B29A51BD70F11FF9930FFEAB0228363BFF00350E43DE8A90FF00C69FED220F0E46D091C891EE2B25D98BA9A5F087EF4A3DF87947F75E2E9D8B73178867B334CDFD32B87F65DED48C4787A4B08EFF006D1B7F59DC3FD48365EDDD2D99BA5B3374EA503A9F927529D4A5F33640BE66C97EDF14BF6F8A5FB7C50579B56D4CFA530E2E003C689A77DBFE2B1B5397DF6E74E75A7258FEC63599E2538291E4C6F05D054FAAE6FA4E637A39B534E6D3CD5C77C82D79D77D10FD1BA4B7A1F45BBC27C39E03D2AEE766BB2A7B34E68361BA0F925B20BCFD5FD2ECC561629E3B48DA917DD759ED3D43811E4BD0B7740B774B774B774B666E816CCDD3A94EA53A940EA52F99B25F3365C38CC53238DF2C8E0D8D8D2E713C034549FD90571B67D677C4C66122796BA405F290687C3CDAD6F40E3BDE4DA715D2D90EA57AB8F9A94CFE8ECF7B4C8EFDF7475AF2586C4C974BE95371E33EA7FD942DFDAAD6003AB8F55B118781AC6363600D631A1AD02C0345001E410725F209D07C93A0F9274081D025B2174B642E96EE816EE96CCDD2D99BA752828ADB63ABA4DBD30D10FF009931FEEB02598ED6F13BFA5A51EC36267FCB0FF8BCAC324391EC507A7FF85BB922BAFF00F287DD0882A9DA5E13C2D2B891C1CE120FF78C6B8FF3172C72098B1ED78BB1CD70EED21C3E0AC9DBA68EDDC5413819491BA327AC4EA8F3224FE5559A0DAEC2CC1EC6C80E4E68737B38023E2B93A95896CAF4978FA2E1A9F4A1AC2EE9E19A33CF70B165B7CCD902F99B25FB7C52FDBE297EDF140BF6F8A5F2097C82741F240E83E4B17DA26AB8C7610B183EBA3ABE136A9A7A4C2793865DC34F05945B2096EE8292D90EB4FD1A7760E63BAC99DE86F65E1CDEAEE906DBD40DA7B40732AEDB77553ED6751C92EC761DB537C431B734FE2B40FE61E7CEBE8ECD7684D9DADC3629F49C504721B4E38027849F1B8CEA1058F6CCDD3A94EA53A940EA52F99B25F3364BF6F8A05FB7C554FB67D6B14FA044EE4EC4106C051CC8FE0E3F97995926D0B5F23C130C5110FC4B87A2DB88EBF6E4FECDB9ED9AC23667A9AFC64DF4DC555D10717B77AF8892B52E3CD80E7D4E5605065BB25D55386C399E46D269C039DE38EED6D3813EB1FCA382CFBA0F9213C0274081D025B2174B642E96EE816EE96CCDD2D99BA75281D4A90389F928EA7E4BC8D6ED29F46C0CF3D8B2376E57DB70DD8EBF98B506BCEB5E3BC6C762651674B253F0876EB7F95A1716AF613C6C661E2F6E689A7B178DEFDAABCE028B37D8FE8EF174A31F4CA163E43CAA4786D1DFD327F2A0BFD1110615B5BD13E3E8C91C055D011337B36A24FE4738F905AFEB6C66883810E00B4820836208A1AAD61D65D107098B970E6BE838EE93F698738CF9B48F3AA0CD7625A64478A930AE3E8CCDDF67FEE46331DCB2A7FDDABAAFDBE2B55747E31F0CAC9A3347C6E6BDBDDA6B43D0D8F42B67742693662B0F1CF1FA92343BA836734F504107A841DDBF64BE413A04E83E481D07C92D904B6412DDD02DDD2DDD2DDD2D99BA05B3375576BDECB8485D3E0835AF39BE0C9AD71E719B35DF74E5DB8DA3D4A7528285D17AFDA4B00EF027064DCFE1E20383DA3EEC9EB53913BC392CA70FB66848FACC2480FDC7B1E3F9B7558DA4745C1886EECF0C7237807B43A9D456C7B2C5F11B2ED18F35113D9F825781EE712020F0F11B66829E8612627939F1B07991BDF058D698DA7E3F147C2C3B443BF906C41D24AEE8D752BFA5A0F559F61F657A301A98E478FBD2BE87F490B26D15A0F0D870461E08E2F68B5A013DDD73E65055FA97B2E924789F1F50DAEF783BD57BCDEB2BB80E80D4F1A58DBD1B0340630068000000A068190000B2FAE83E49D02074096C85D2D90BA5BBA05BBA5B3374B666E9D4A07529D4FC93A9F925F32817CCAAAF6E3A6E8C8708D39B8F8B27E16D5B183D0BB78FE456862276B18E91E4358C05CE26C0345493D000B5975A34D3B198B9710EA80F77A0D3F658DC98DEF402BD4941E5ABAB61FA27730B2E208CE67EEB4FDC8AA3FACBFDCA9BC0E11F2CAC8A3157C8E6B1A3AB8D057A66B68743E8F6E1F0F161E3F56363595E741993D49A9F341DEA228A2941F242AC36D5ABDE244CC6C6DF4A2A325A718C9F45DF95C4F93CF2567915ECB8B13036563A37B4398E05AE06CE0E1423B50A0D51564EC735A3C294E0A4752394D6227ECC9C5BD9E065D47DE588EB96AF3B038B7C26A59EB44E3F6D86D9F31EA9EA3A85E2349041048233041A1045883C0A0DB2E83E496C82C3766BAE231D87F0DE47D2620049C3C416128EFC4703D085E9EB36B8E1302292C95908A8899E93CF2247D91D5C4041EFDBBAE0C663228585F2C8C6378B9EE6B07BDC68A93D3DB57C64A4B70E1B87673CA490FE670DD1D837CD60F8DC64933F7E591F23BDA7B8BCFBCD905E9A576A5A3E1A8639F3BBFD937D1FD6FA0A7515584698DAEE324A88238E01C09ACAFF002268D1FA4AAED105C9B19D253E224C64B889A495C04006FB890DAF8A4EEB6CDB0B00ACEBE66CAA1D83CC3C4C5B0DCB6170FCA6407FA87BD5BD7EDF141E5EB369D8F07867E22504B5B401AD19BDCE346B7A549199547E90DA4E93924739B88F09A4E51B19196B4701573493DC9F7595F9A43051CF13E191A1D1BC16B81E20F2E5CEBD16BF6BD6A649A3E4077B7E07B888DF51BD5A5771EDF680E2323D2C8221DA26946B81FA59750FAAE8E2A1E868C069D88574EA3EB4B74861BC46B771ED3B92B7321AEA03E8BB882083CC5735466A6EAB4BA427F0D84358D01D2BCD3D06934146DDCE3434E1CC85B0DA1744C5848198781B46B477249BB9C78B8941DEE81605B63C54B0E0E192195F1BDB886FA4C716920C52D41A5C6432392CF6D90BAADF6E730182819C5D38779322901FDDE3DE8312D0DB58C74541288F10DE3BC3C379FCECCBDED2B37D0FB59C0C994C2481DF79BBEDF2732A69DC0545A20DA7D1BA4E09DBBF0CD1CA39C6F6BC0E991C8AEDF53F25AA18799CC707B1CE63859CD716B87670CC2CD3416D431D010252DC430709327F948D1FD41C82FBBE652FDBE2B16D57D7EC1E34860798A53FC29280B8FDC759FD867D17635DF5A63C0618C868E7BAAD859EDBA9C79305C9EC2E420C3B6CFAD5BAC18189D9BA8E9C8E0DBB19DDD73D00F6953EB9717897CB23A491C5CF792E738DC9373FF45D9D07A264C56223822157BCD2BC1A2EE7BBA0153FB5CA0CFF0062BABA5F33B1AF1E8C756455E2F70A3DC3B34D3F39E4AE6E8174B4368C8F0D878F0F10A3636803AF12E3CC92493D4AEEDB2412A542941F2457B28BE4149E4A3A0F920C6B5F7559B8FC37862826655D0BCF0771693ECBAC7C8F05AED89C3BE37BA391A5AF612D734DDA464415B5D6C82AFF0069FA8BF4A6FD230E07D25A3D26FF008ED02DF8C703C6DC880A5B4763E582412C323A391B5A39B7151423AE4B82591CE71739C5CE26AE738924937249CC95F241048208209041C88232208E0510111101111064DB39D3430BA4627B8D237FD549D0484509E81C184F4056C65FB7C56A610B60F661ACBF4CC106BDDF5D0D192F370A7D5BFF003019F56B906617C82A236C3A6FC7C7F82D3E861C6E74323A8643E5E8B7BB4AB975934BB70984967368D8481CDC72637B97168F35AC334AE7B9CF71AB9C4B9C79B9C6AE3E64941916CEF4E7D134844F268C79F0A4E5BB210013D9C1A7B02B63AD90BAD4C216C76CEF4EFD2F47C5213591BF552F3DF8C0153DDA5AEFCC8325B77544ED8B4D78F8E10B4D5B876EE9E4647D1CFA76018DEE1CADAD73D3EDC0E0E49CD0C9EAC4D3F69EEF547619B8F4695AD72C8E738B9C4973897389BB893524F524941F28888088880BB5A4749CD396BA695F2163431A5E6A4345857FBDCF15D5504A0903CF9019D7B057DECC353FE850F8B2B7FD265037BFD932E23EFC4F5A0E0BC0D95EA21696E3312CF4B27411B87A9CA5783F6BD91C2F7A52D6B642E816C85D48CBBA8B775232EE8254A85283E49E0145B20A49E0145BBA05BBA5BBA5BBA5B337415EED1B6783155C4E1A8DC45DECC8367FFF002FEBC6C798A4A785CC7398F696B9A48735C082D22E08362B6BFA958B6BA6A3C18F697BBEAA7028C95A3959B20FB6DFDC702835D917ADAC7AB989C149B93C6403EA3C66C93F0BB9F4342392F2501111017B3AA3AC3260714C9D952DF56460FB6C3EB0EE3220F30385578C88364F4DE8F834A68FDC63EAC95AD7C720FB2E06AD2471A1142D3D46456BCE98D15361667433B0B5EDF73870734FDA69E07FB82164FB38D7776064F0A524E19E6AE1993138FDB68E23DA6F98CF2370E9FD0184D2387687D1E1C37A295846F377854398FCC50E59660A0D71C0E0E49A46C5130BE479A35ADB93FD87124E4066B61751F56D9A370643DE0BDDF593BEB46821B615B35A05FB9E839354753F0DA3A33B9E94847A72BA9BCEE341C18DE839675BAAD769DAFBF49270B8675601FEB641FC620FAAD3FE18E7F68F4198785B43D6B38FC555A4F811D5B08E7ED4847375076007558B222022220222EF686D0F3E2A511411BA47F1A59A3DA7BACD1D4FC507440FDF21D6B656E6CEB66E5A5B89C637D2C9D140E1EA710F947B5C99C38E790F7F51F6790E0A92CA44D89F6A9E845FFB60F1FBC73E5459BDB21740B642E96EE96EE96EE816EEA40E2545B32A40E2504A94441F24FBD45BBAFA2A00A67C5045B3374EA5481C4A01C4A08EA52F99B29A56E94AF6F8A0EBE37071CEC31CAC6BE375DAE0083E4555BACFB23AD64C0BFF00DCC84D3B324BF93BDEADA39F643C906ABE93D193E1DFB93C4F89DC9C295FC2EB38750485D45B578EC145330C7246C9186ED7B4387B8F158369BD92E0A5A981CF81DC81F119FA5E6A3B0704146A2CEF4A6C9F48464F87E14EDE1B8FDC779B5F403C9C56318ED5CC643FEB70B3B7AF86E23F53411FBA0F2D647AB1AEF8CC0B4B21731CC39EE4AD73DAD3725BBAE696D78E74E9558D9700684D08B8E23C92A832CD61DA163B19118A4746C61F5842D7337C7B2E2E7B8EEF414AF1AAC5117CEF8E63DE83E917A182D058A9BFD561A67F56C4FA7EAA53F759368BD96692969BEC8E11CE478269D1B1EF67D0D10612B9B0583926788E28DD23CD9AC6971EF41C3AAB93436C7F0CCA1C44AF98F16B7EA99FB12E3FA82CF746E8A830ECF0F0F13226F1DC6815EA4DDC7A94152EABEC925790FC6BFC26DFC2610E79E8E7E6D6F957B856CE89D15061A31161E26C6D1C00BF57139B8F539AEEF4096B208B642E96EEA694EE8053BA08B774B665481C4A01C4A08EA7E4A467994A573297EC826AA511042294410854A201444405014A20808A5101111062BAE56F22A8FD60F5CF74441D7D0FEB8F25756A4F0ECA51066E8888014052882114A20845288214A22082A5110422220FFFD9);
